work_id,person_id,role,character_name,credit_order
1,1,actor,Peter Parker / Spider-Man,1
1,2,actor,J. Jonah Jameson,2
1,155,actor,Capt. Barbera,3
1,156,actor,Judy Tyler,4
1,157,actor,May Parker,5
1,158,actor,"Joe ""Robbie"" Robertson",6
1,159,actor,Edward Byron,7
1,160,actor,Monahan,8
1,161,actor,Prof. Noah Tyler,9
1,162,director,,
1,163,screenwriter,,
1,164,producer,,
1,165,producer,,
1,166,producer,,
1,167,composer,,
1,168,cinematographer,,
1,169,editor,,
2,1,actor,Peter Parker / Spider-Man,1
2,4,actor,Mr. White,2
2,3,actor,J. Jonah Jameson,3
2,170,actor,Gale Hoffman,4
2,155,actor,Capt. Barbera,5
2,108,actor,Rita Conway,6
2,171,actor,Craig,7
2,172,actor,Angel,8
2,173,actor,Dr. Baylor,9
2,174,director,,
2,175,screenwriter,,
2,174,producer,,
2,175,producer,,
2,176,cinematographer,,
3,1,actor,Spider-Man / Peter Parker,1
3,3,actor,J. Jonah Jameson,2
3,6,actor,Emily Chan,3
3,177,actor,Min Lo Chan,4
3,7,actor,Charles Zeider,5
3,5,actor,Julie Masters,6
3,108,actor,Rita Conway,7
3,178,actor,Prof. Dent,8
3,179,actor,Clyde Evans,9
3,180,actor,Major Collings,10
3,181,director,,
3,182,screenwriter,,
3,182,producer,,
3,183,composer,,
3,184,cinematographer,,
3,185,editor,,
3,186,editor,,
4,8,actor,Takuya Yamashiro / Spider-Man,1
4,9,actor,Jūzō Mamiya,2
4,109,actor,(supporting),3
4,110,actor,(supporting),4
4,187,director,,
4,188,screenwriter,,
4,189,story,,
4,190,producer,,
4,191,composer,,
5,10,actor,Peter Parker / Spider-Man,1
5,11,actor,Norman Osborn / Green Goblin,2
5,12,actor,Mary Jane Watson,3
5,13,actor,Harry Osborn,4
5,192,actor,Ben Parker,5
5,18,actor,May Parker,6
5,14,actor,J. Jonah Jameson,7
5,15,actor,Flash Thompson,8
5,193,actor,The Carjacker,9
5,16,actor,Robbie Robertson,10
5,194,director,,
5,195,screenwriter,,
5,196,producer,,
5,197,producer,,
5,198,composer,,
5,199,cinematographer,,
5,200,editor,,
5,201,editor,,
6,10,actor,Peter Parker / Spider-Man,1
6,12,actor,Mary Jane Watson,2
6,13,actor,Harry Osborn,3
6,17,actor,Dr. Otto Octavius / Doctor Octopus,4
6,18,actor,May Parker,5
6,19,actor,Rosalie Octavius,6
6,14,actor,J. Jonah Jameson,7
6,20,actor,John Jameson,8
6,202,actor,Dr. Curt Connors,9
6,11,actor,Norman Osborn,10
6,194,director,,
6,203,screenwriter,,
6,204,story,,
6,205,story,,
6,206,story,,
6,196,producer,,
6,207,producer,,
6,198,composer,,
6,208,cinematographer,,
6,200,editor,,
6,209,production designer,,
7,10,actor,Peter Parker / Spider-Man,1
7,12,actor,Mary Jane Watson,2
7,13,actor,Harry Osborn / New Goblin,3
7,21,actor,Flint Marko / Sandman,4
7,210,actor,Eddie Brock Jr. / Venom,5
7,22,actor,Gwen Stacy,6
7,23,actor,Capt. George Stacy,7
7,18,actor,May Parker,8
7,14,actor,J. Jonah Jameson,9
7,194,director,,
7,194,screenwriter,,
7,211,screenwriter,,
7,203,screenwriter,,
7,196,producer,,
7,207,producer,,
7,212,producer,,
7,213,composer,,
7,208,cinematographer,,
7,200,editor,,
8,24,actor,Peter Parker / Spider-Man,1
8,25,actor,Gwen Stacy,2
8,26,actor,Dr. Curt Connors / Lizard,3
8,27,actor,Capt. George Stacy,4
8,28,actor,Richard Parker,5
8,30,actor,Rajit Ratha,6
8,214,actor,Ben Parker,7
8,215,actor,May Parker,8
8,29,actor,Flash Thompson,9
8,216,actor,Mary Parker,10
8,217,director,,
8,218,screenwriter,,
8,203,screenwriter,,
8,219,screenwriter,,
8,196,producer,,
8,207,producer,,
8,220,producer,,
8,221,composer,,
8,222,cinematographer,,
8,223,editor,,
8,224,editor,,
9,24,actor,Peter Parker / Spider-Man,1
9,25,actor,Gwen Stacy,2
9,31,actor,Max Dillon / Electro,3
9,32,actor,Harry Osborn / Green Goblin,4
9,28,actor,Richard Parker,5
9,216,actor,Mary Parker,6
9,34,actor,Donald Menken,7
9,33,actor,Aleksei Sytsevich / Rhino,8
9,215,actor,May Parker,9
9,217,director,,
9,225,screenwriter,,
9,226,screenwriter,,
9,227,screenwriter,,
9,207,producer,,
9,220,producer,,
9,228,composer,,
9,229,composer,,
9,230,cinematographer,,
9,224,editor,,
10,35,actor,Peter Parker / Spider-Man,1
10,36,actor,Adrian Toomes / Vulture,2
10,37,actor,Tony Stark / Iron Man,3
10,38,actor,May Parker,4
10,39,actor,Happy Hogan,5
10,40,actor,Pepper Potts,6
10,231,actor,"Michelle ""MJ""",7
10,57,actor,Ned,8
10,232,actor,Liz,9
10,41,actor,Flash Thompson,10
10,233,actor,Aaron Davis,11
10,42,actor,Herman Schultz / Shocker,12
10,43,actor,Anne Marie Hoag,13
10,234,director,,
10,235,screenwriter,,
10,236,screenwriter,,
10,234,screenwriter,,
10,237,screenwriter,,
10,238,screenwriter,,
10,239,screenwriter,,
10,240,producer,,
10,241,producer,,
10,242,composer,,
10,243,cinematographer,,
10,244,editor,,
10,245,editor,,
11,44,actor,Miles Morales / Spider-Man,1
11,45,actor,Peter B. Parker / Spider-Man,2
11,46,actor,Gwen Stacy / Spider-Gwen,3
11,67,actor,Aaron Davis / The Prowler,4
11,47,actor,Jefferson Davis,5
11,49,actor,May Parker,6
11,48,actor,Rio Morales,7
11,50,actor,Peter Porker / Spider-Ham,8
11,51,actor,Peni Parker / SP//dr,9
11,52,actor,Spider-Man Noir,10
11,53,actor,Wilson Fisk / Kingpin,11
11,246,actor,Peter Parker (Miles' universe),12
11,247,director,,
11,248,director,,
11,249,director,,
11,250,screenwriter,,
11,249,screenwriter,,
11,207,producer,,
11,241,producer,,
11,250,producer,,
11,251,producer,,
11,252,producer,,
11,253,composer,,
11,254,editor,,
12,35,actor,Peter Parker / Spider-Man,1
12,54,actor,Quentin Beck / Mysterio,2
12,55,actor,Nick Fury,3
12,231,actor,MJ,4
12,56,actor,Maria Hill,5
12,39,actor,Happy Hogan,6
12,59,actor,Julius Dell,7
12,57,actor,Ned Leeds,8
12,58,actor,Roger Harrington,9
12,41,actor,Flash Thompson,10
12,38,actor,May Parker,11
12,234,director,,
12,238,screenwriter,,
12,239,screenwriter,,
12,240,producer,,
12,241,producer,,
12,242,composer,,
12,255,cinematographer,,
12,244,editor,,
12,256,editor,,
13,35,actor,Peter Parker / Spider-Man,1
13,231,actor,"Michelle ""MJ"" Jones-Watson",2
13,257,actor,Dr. Stephen Strange,3
13,57,actor,Ned Leeds,4
13,39,actor,Happy Hogan,5
13,31,actor,Max Dillon / Electro,6
13,11,actor,Norman Osborn / Green Goblin,7
13,17,actor,Otto Octavius / Doctor Octopus,8
13,60,actor,Wong,9
13,41,actor,Flash Thompson,10
13,38,actor,May Parker,11
13,24,actor,Peter Parker / Spider-Man (Peter-Three),12
13,10,actor,Peter Parker / Spider-Man (Peter-Two),13
13,234,director,,
13,238,screenwriter,,
13,239,screenwriter,,
13,240,producer,,
13,241,producer,,
13,242,composer,,
13,258,cinematographer,,
13,259,editor,,
13,256,editor,,
14,44,actor,Miles Morales / Spider-Man,1
14,46,actor,Gwen Stacy / Spider-Gwen,2
14,61,actor,Miguel O'Hara / Spider-Man 2099,3
14,45,actor,Peter B. Parker / Spider-Man,4
14,62,actor,Johnathon Ohnn / The Spot,5
14,260,actor,Jess Drew / Spider-Woman,6
14,63,actor,Hobie Brown / Spider-Punk,7
14,47,actor,Jefferson Morales,8
14,65,actor,Rio Morales,9
14,64,actor,Pavitr Prabhakar / Spider-Man India,10
14,66,actor,George Stacy,11
14,67,actor,Aaron Davis / Prowler (Earth-42),12
14,68,actor,Miles G. Morales / Prowler (Earth-42),13
14,261,director,,
14,262,director,,
14,263,director,,
14,250,screenwriter,,
14,251,screenwriter,,
14,264,screenwriter,,
14,250,producer,,
14,251,producer,,
14,241,producer,,
14,207,producer,,
14,252,producer,,
14,253,composer,,
14,265,editor,,
17,69,actor,Eddie Brock / Venom,1
17,70,actor,Anne Weying,2
17,71,actor,Carlton Drake / Riot,3
17,72,actor,Roland Treece,4
17,78,actor,Dan Lewis,5
17,73,actor,Dora Skirth,6
17,74,actor,Cletus Kasady,
17,75,actor,Mrs. Chen,8
17,76,actor,Maria,9
17,266,director,,
17,227,screenwriter,,
17,267,screenwriter,,
17,268,screenwriter,,
17,207,producer,,
17,220,producer,,
17,241,producer,,
17,269,composer,,
17,270,cinematographer,,
17,271,editor,,
17,272,editor,,
18,69,actor,Eddie Brock / Venom,1
18,74,actor,Cletus Kasady / Carnage,2
18,70,actor,Anne Weying,3
18,77,actor,Frances Barrison / Shriek,4
18,78,actor,Dan Lewis,5
18,273,actor,Patrick Mulligan,6
18,75,actor,Mrs. Chen,7
18,100,director,,
18,268,screenwriter,,
18,69,story,,
18,268,story,,
18,207,producer,,
18,220,producer,,
18,241,producer,,
18,268,producer,,
18,69,producer,,
18,274,producer,,
18,275,composer,,
18,276,cinematographer,,
18,271,editor,,
18,277,editor,,
19,278,actor,Dr. Michael Morbius,1
19,79,actor,Lucien / Milo Morbius,2
19,80,actor,Dr. Martine Bancroft,3
19,81,actor,Dr. Emil Nicholas,4
19,83,actor,Al Rodriguez,5
19,82,actor,Simon Stroud,6
19,36,actor,Adrian Toomes / Vulture,
19,279,director,,
19,280,screenwriter,,
19,281,screenwriter,,
19,207,producer,,
19,220,producer,,
19,282,producer,,
19,283,composer,,
19,284,cinematographer,,
19,224,editor,,
20,84,actor,"Cassandra ""Cassie"" Webb / Madame Web",1
20,285,actor,Julia Cornwall,2
20,286,actor,Anya Corazón,3
20,287,actor,Mattie Franklin,4
20,85,actor,Ezekiel Sims,5
20,88,actor,O'Neil,6
20,86,actor,Mary Parker,7
20,288,actor,Ben Parker,8
20,87,actor,Constance Webb,9
20,90,actor,Amaria,10
20,89,actor,Santiago,11
20,289,director,,
20,280,screenwriter,,
20,281,screenwriter,,
20,290,screenwriter,,
20,289,screenwriter,,
20,291,story,,
20,292,producer,,
20,293,composer,,
20,258,cinematographer,,
20,256,editor,,
21,91,actor,Sergei Kravinoff / Kraven the Hunter,1
21,94,actor,Calypso Ezili,2
21,92,actor,Dmitri Kravinoff / Chameleon,3
21,93,actor,Aleksei Sytsevich / Rhino,4
21,95,actor,The Foreigner,5
21,96,actor,Nikolai Kravinoff,6
21,294,actor,young Sergei,7
21,295,actor,young Dmitri,8
21,296,actor,young Calypso,9
21,98,actor,Semyon Chorney,10
21,97,actor,Ömer Ozdemir,11
21,297,director,,
21,298,screenwriter,,
21,299,screenwriter,,
21,300,screenwriter,,
21,300,story,,
21,207,producer,,
21,220,producer,,
21,301,producer,,
21,302,composer,,
21,303,composer,,
21,304,composer,,
21,305,cinematographer,,
21,306,editor,,
22,69,actor,Eddie Brock / Venom,1
22,99,actor,Gen. Rex Strickland,2
22,307,actor,Dr. Teddy Paine,3
22,26,actor,Martin Moon,4
22,273,actor,Patrick Mulligan,5
22,75,actor,Mrs. Chen,6
22,101,actor,Nova Moon,7
22,308,actor,"Sadie ""Christmas""",8
22,100,actor,Knull,9
22,309,actor,Bartender,10
22,78,actor,Head of Imperium / Dan Lewis,11
22,268,director,,
22,268,screenwriter,,
22,69,story,,
22,268,story,,
22,207,producer,,
22,220,producer,,
22,241,producer,,
22,268,producer,,
22,69,producer,,
22,274,producer,,
22,310,composer,,
22,311,cinematographer,,
22,312,editor,,
15,44,actor,Miles Morales / Spider-Man,1
15,46,actor,Gwen Stacy / Spider-Woman,2
15,61,actor,Miguel O'Hara / Spider-Man 2099,3
15,45,actor,Peter B. Parker / Spider-Man,4
15,62,actor,Jonathan Ohnn / The Spot,5
15,47,actor,Jefferson Davis,6
15,48,actor,Rio Morales,7
15,260,actor,Jessica Drew / Spider-Woman,8
15,63,actor,Hobie Brown / Spider-Punk,9
15,247,director,,
15,250,writer,,
15,251,writer,,
15,264,writer,,
15,250,producer,,
15,251,producer,,
15,241,producer,,
15,207,producer,,
15,252,producer,,
15,263,production designer,,
16,35,actor,Peter Parker / Spider-Man,1
16,231,actor,Michelle 'MJ' Jones-Watson,2
16,57,actor,Ned Leeds,3
16,102,actor,Frank Castle / The Punisher,4
16,105,actor,Bruce Banner,5
16,103,actor,Mac Gargan / Scorpion,6
16,104,actor,Lonnie Lincoln / Tombstone,7
16,313,actor,,8
16,314,actor,,9
16,315,director,,
16,238,writer,,
16,239,writer,,
16,240,producer,,
16,241,producer,,
23,106,actor,Juan-Carlos Estrada Sánchez / El Muerto,1
23,316,director,,
23,317,writer,,
24,107,actor,Spider-Man,1
24,318,actor,Narrator / various characters,2
24,319,actor,Narrator / various characters,3
24,320,actor,Various characters,4
24,321,actor,Various characters,5
24,322,source character co-creator,,
24,323,source character co-creator,,
24,324,theme music composer,,
25,1,actor,Peter Parker / Spider-Man,1
25,3,actor,J. Jonah Jameson,2
25,108,actor,Rita Conway,3
25,155,actor,Captain Barbera,4
25,5,actor,Julie Masters,5
25,163,creator,,
25,165,producer,,
25,325,theme music composer,,
25,183,theme music composer,,
25,181,director,,
25,174,director,,
26,8,actor,Takuya Yamashiro / Spider-Man,1
26,326,actor,Hitomi Sakuma,2
26,109,actor,Professor Monster,3
26,110,actor,Amazoness,4
26,327,actor,Shinko Yamashiro,5
26,328,actor,Takuji Yamashiro,6
26,189,creator,,
26,329,head writer,,
26,188,head writer,,
26,187,director,,
26,330,composer,,
26,190,producer,,
26,331,producer,,
28,111,actor,Peter Parker / Spider-Man,1
28,112,actor,J. Jonah Jameson,2
28,113,actor,Betty Brant / Aunt May / Mary Jane Watson,3
28,332,actor,Narrator,4
28,114,actor,Green Goblin / Captain Ned Stacy,5
28,333,executive producer,,
28,334,executive producer,,
28,335,producer,,
28,336,theme lyricist,,
28,337,theme music composer,,
28,338,composer,,
29,115,actor,Spider-Man / Peter Parker,1
29,116,actor,J. Jonah Jameson,2
29,339,actor,Aunt May / Black Cat,3
29,340,actor,Betty Brant,4
29,341,actor,Robbie Robertson,5
29,117,actor,Doctor Doom,6
29,322,creator,,
29,342,producer,,
29,343,executive producer,,
29,344,executive producer,,
29,345,composer,,
29,346,voice director,,
30,118,actor,Spider-Man / Peter Parker,1
30,119,actor,Iceman / Bobby Drake,2
30,347,actor,Fire-Star / Angelica Jones,3
30,348,actor,Aunt May,4
30,349,actor,Narrator,5
30,322,creator,,
30,350,director,,
30,351,producer,,
30,345,composer,,
30,343,executive producer,,
30,344,executive producer,,
31,120,actor,Spider-Man / Peter Parker,1
31,352,actor,J. Jonah Jameson,2
31,353,actor,Robbie Robertson,3
31,121,actor,Mary Jane Watson,4
31,354,actor,Felicia Hardy / Black Cat,5
31,355,actor,Harry Osborn,6
31,122,actor,Kingpin / Wilson Fisk,7
31,356,supervising producer and story editor,,
31,357,supervising director,,
31,207,executive producer,,
31,322,executive producer,,
31,358,composer,,
31,359,composer,,
32,123,actor,Peter Parker / Spider-Man,1
32,125,actor,Eddie Brock / Venom,2
32,126,actor,Cletus Kasady / Carnage,3
32,124,actor,High Evolutionary / J. Jonah Jameson,4
32,354,actor,Mary Jane Watson-Parker / Lady Vermin,5
32,360,actor,John Jameson,6
32,207,developer,,
32,361,developer and producer,,
32,362,director,,
32,363,theme music composer,,
32,364,theme music composer,,
32,365,executive producer,,
33,127,actor,Peter Parker / Spider-Man,1
33,128,actor,Mary Jane Watson,2
33,366,actor,Harry Osborn,3
33,367,actor,J. Jonah Jameson,4
33,368,actor,Indira Daimonji,5
33,129,actor,Kingpin,6
33,369,developer,,
33,370,developer,,
33,371,developer and producer,,
33,372,theme music composer,,
33,373,theme music composer,,
33,207,executive producer,,
34,130,actor,Peter Parker / Spider-Man,1
34,131,actor,Gwen Stacy,2
34,374,actor,Harry Osborn,3
34,375,actor,J. Jonah Jameson,4
34,376,actor,Mary Jane Watson,5
34,101,actor,Liz Allan,6
34,132,actor,Norman Osborn,7
34,377,"developer, supervising producer, story editor and writer",,
34,378,"developer, supervising producer and supervising director",,
34,379,producer,,
34,380,composer,,
34,381,composer,,
34,382,composer,,
35,133,actor,Peter Parker / Spider-Man,1
35,137,actor,Luke Cage / Power Man; Miles Morales,2
35,136,actor,Danny Rand / Iron Fist,3
35,135,actor,Ava Ayala / White Tiger,4
35,134,actor,Sam Alexander / Nova,5
35,383,actor,Harry Osborn / Flash Thompson / Agent Venom,6
35,138,actor,Doctor Octopus,7
35,369,writer and producer,,
35,384,writer and producer,,
35,385,writer and supervising producer,,
35,386,writer and supervising producer,,
35,387,supervising director,,
35,388,composer,,
36,389,actor,Peter Parker / Spider-Man,1
36,139,actor,Miles Morales / Ultimate Spider-Man,2
36,140,actor,Gwen Stacy / Ghost-Spider,3
36,141,actor,Anya Corazon / Spider-Girl,4
36,142,actor,Harry Osborn / Hobgoblin,5
36,390,actor,Otto Octavius / Doctor Octopus,6
36,130,actor,Norman Osborn / Dark Goblin,7
36,391,developer and story editor,,
36,392,creative director and supervising director,,
36,393,director,,
36,388,composer,,
36,394,voice director,,
36,395,voice director,,
37,143,actor,Peter Parker / Spidey,1
37,144,actor,Miles Morales / Spin,2
37,145,actor,Gwen Stacy / Ghost-Spider,3
37,396,actor,TRACE-E / TWIST-E / CAL,4
37,141,actor,Aunt May,5
37,146,actor,Doc Ock,6
37,147,actor,Green Goblin,7
37,397,executive producer,,
37,398,director,,
37,399,director,,
37,400,theme music composer and composer,,
38,148,actor,Peter Parker / Spider-Man,1
38,149,actor,May Parker,2
38,150,actor,Nico Minoru,3
38,151,actor,Lonnie Lincoln / Tombstone,4
38,401,actor,Harry Osborn,5
38,152,actor,Norman Osborn,6
38,153,actor,Otto Octavius,7
38,154,actor,Daredevil / Matt Murdock,8
38,402,"creator, showrunner and head writer",,
38,403,supervising director,,
38,404,director,,
38,405,director,,
38,406,composer,,
38,407,composer,,
27,52,actor,Ben Reilly / Spider-Man Noir,1
27,408,actor,,2
27,409,actor,,3
27,410,actor,,4
27,411,actor,,5
27,412,showrunner,,
27,413,showrunner,,
27,250,executive producer,,
27,251,executive producer,,
27,241,executive producer,,
27,414,director,,
39,415,programmer/designer,,
40,416,designer,,
40,417,artist,,
40,418,artist,,
41,419,designer,,
41,321,programmer,,
41,420,programmer,,
41,421,programmer,,
41,419,programmer,,
45,422,producer,,
45,423,producer (Game Gear),,
45,424,designer,,
45,425,designer/programmer (Sega CD),,
45,426,designer (Sega CD),,
45,427,designer (Sega CD),,
45,428,designer (Sega CD),,
45,425,programmer,,
45,429,programmer,,
45,430,programmer (GG/MS),,
45,431,composer (Sega CD),,
45,432,composer (Sega CD),,
45,433,composer,,
45,434,composer,,
45,435,composer,,
46,436,designer,,
46,437,composer,,
48,438,composer,,
49,439,composer,,
49,440,composer,,
49,441,cover artist,,
51,442,producer,,
51,443,producer,,
51,444,designer,,
51,445,programmer,,
51,446,composer (SNES),,
51,447,composer (SNES),,
51,448,composer (Genesis),,
51,449,composer (Genesis),,
52,450,designer,,
52,451,designer,,
52,452,designer,,
52,453,designer,,
52,454,composer,,
52,455,composer,,
52,456,composer,,
52,457,composer,,
52,458,cover artists,,
52,459,cover artists,,
52,460,cover artists,,
53,461,producer,,
53,462,producer,,
53,463,designer,,
53,464,designer,,
53,445,programmer,,
53,465,composer,,
54,466,composer,,
55,467,producer,,
55,468,producer,,
55,469,programmer,,
55,470,programmer,,
55,471,composer,,
55,472,composer,,
57,473,producer,,
57,474,producer,,
57,475,designer,,
57,476,programmer,,
57,477,programmer,,
57,478,programmer,,
57,479,artist,,
57,480,composer,,
57,481,composer,,
57,322,narrator,,
59,482,producer / writer,,
59,483,designer / writer,,
59,484,programmer,,
59,485,programmer,,
59,486,programmer,,
59,487,artist,,
59,488,artist,,
59,474,writer,,
59,489,composer,,
59,322,opening narration,,
61,490,director,,
61,491,producer,,
61,492,designer,,
61,493,writer,,
61,381,composer,,
62,492,director,,
62,494,producer,,
62,491,producer,,
62,495,producer,,
62,496,designer,,
62,493,writer,,
62,497,composer,,
62,381,composer,,
62,498,designer (web-swinging physics),,
63,369,director (also comic writer),,
63,499,director (PC/consoles),,
63,500,designer,,
63,501,designer,,
63,502,designer,,
63,503,designer (GBA/DS),,
63,504,programmer,,
63,505,programmer (GBA/DS),,
63,490,artist,,
63,506,artist,,
63,507,artist,,
63,508,artist,,
63,509,artist,,
63,388,composer,,
65,510,composer,,
66,511,director,,
66,512,designer,,
66,513,designer,,
66,514,programmer,,
66,515,programmer,,
66,516,artist,,
66,517,composer,,
67,518,composer,,
67,519,composer (NDS),,
67,520,voice director/casting,,
67,521,voice director/casting,,
69,522,director,,
69,523,director,,
69,524,producer,,
69,525,writer,,
69,526,writer,,
69,527,writer,,
69,528,composer,,
69,322,narrator,,
70,529,director,,
70,530,director,,
70,531,producer,,
70,532,writer,,
70,533,composer,,
71,529,director,,
71,534,director,,
71,535,writer,,
71,536,writer,,
71,533,composer,,
71,537,composer (mobile),,
71,538,additional music,,
72,539,director,,
72,540,producer,,
72,541,writer,,
72,542,composer,,
73,543,director,,
73,544,producer,,
73,545,designer,,
73,546,programmer,,
73,547,composer,,
74,548,director,,
74,549,producer,,
74,550,designer,,
74,551,programmer,,
74,552,artist,,
74,525,writer,,
74,553,composer,,
75,554,director,,
75,548,director / designer,,
75,555,producer,,
75,556,producer,,
75,557,producer,,
75,551,programmer,,
75,552,artist,,
75,558,writer,,
75,554,writer,,
75,559,composer,,
76,560,director,,
76,561,director,,
76,562,director (creative),,
76,563,director,,
76,564,programmer,,
76,565,artist,,
76,566,artist,,
76,567,writer,,
76,568,writer,,
76,569,writer,,
76,541,writer,,
76,570,composer,,
79,561,director,,
79,571,producer,,
79,572,designer,,
79,573,programmer,,
79,574,programmer,,
79,575,programmer,,
79,576,artist,,
79,577,artist,,
79,578,writer,,
79,579,writer,,
79,570,composer,,
80,562,director (creative),,
80,560,director (game),,
80,565,artist,,
80,566,artist,,
80,567,writer,,
80,580,writer,,
80,568,writer,,
80,570,composer,,
77,560,director,,
77,561,director,,
77,562,director,,
77,563,director,,
77,564,programmer,,
77,565,artist,,
77,566,artist,,
77,567,writer,,
77,568,writer,,
77,569,writer,,
77,570,composer,,
78,562,creative director,,
78,560,game director,,
78,581,voice actor,,
