person_id,award,result,year,for_work
105,Theatre World Award,won,1997,
105,MTV Movie Award for Best Fight,won,2013,The Avengers
105,Primetime Emmy Award for Outstanding Television Movie,won,2014,The Normal Heart
105,New York Film Critics Circle Award for Best Supporting Actor,won,2010,The Kids Are All Right
105,Primetime Emmy Award for Outstanding Lead Actor in a Miniseries or a Movie,won,2020,I Know This Much Is True
105,star on Hollywood Walk of Fame,won,,
105,Lucille Lortel Award for Outstanding Lead Actor,won,1999,
105,Rose-Walters Prize,won,2015,
105,Academy Award for Best Supporting Actor,nominated,2011,The Kids Are All Right
105,Academy Award for Best Supporting Actor,nominated,2015,Foxcatcher
105,Academy Award for Best Supporting Actor,nominated,2016,Spotlight
105,Tony Award for Best Featured Actor in a Play,nominated,2006,
105,Satellite Award for Best Actor in a Musical or Comedy,nominated,2008,The Brothers Bloom
105,MTV Movie Award for Best Fight,nominated,2013,The Avengers
105,Broadcast Film Critics Association Award for Best Supporting Actor,nominated,2010,The Kids Are All Right
105,Broadcast Film Critics Association Award for Best Cast,nominated,2010,The Kids Are All Right
105,MTV Movie Award for Best Hero,nominated,2013,The Avengers
105,Primetime Emmy Award for Outstanding Lead Actor in a Miniseries or a Movie,nominated,2014,The Normal Heart
105,Primetime Emmy Award for Outstanding Television Movie,nominated,2014,The Normal Heart
105,BAFTA Award for Best Actor in a Supporting Role,nominated,2011,The Kids Are All Right
105,Screen Actors Guild Award for Outstanding Performance by a Cast in a Motion Picture,nominated,2011,The Kids Are All Right
105,Screen Actors Guild Award for Outstanding Performance by a Male Actor in a Supporting Role,nominated,2011,The Kids Are All Right
105,Satellite Award for Best Actor – Motion Picture,nominated,2008,What Doesn't Kill You
105,Teen Choice Award for Choice Hissy Fit,nominated,2012,The Avengers
105,National Society of Film Critics Award for Best Actor,nominated,2000,You Can Count on Me
105,Independent Spirit Award for Best Supporting Male,nominated,2011,The Kids Are All Right
105,Independent Spirit Award for Best Male Lead,nominated,2001,You Can Count on Me
105,MTV Movie Award for Best On-Screen Duo,nominated,2013,The Avengers
105,Academy Award for Best Supporting Actor,nominated,2024,Poor Things
11,Saturn Awards,won,,
11,Donostia Award,won,2005,
11,Film Independent Spirit Awards,won,2001,
11,Satellite Awards,won,,
11,Honorary Golden Bear,won,2018,
11,Volpi Cup for Best Actor,won,2018,
11,Romics d'Oro,won,2019,
11,Academy Award for Best Supporting Actor,nominated,1987,Platoon
11,Academy Award for Best Supporting Actor,nominated,2001,Shadow of the Vampire
11,Academy Award for Best Supporting Actor,nominated,2018,The Florida Project
11,Academy Award for Best Actor,nominated,2019,At Eternity's Gate
12,Saturn Award for Best Performance by a Younger Actor,won,1995,Interview with the Vampire
12,Empire Award for Best Actress,won,2003,Spider-Man
12,Satellite Award for Best Actress – Television Series Drama,won,2016,Fargo
12,Screen Actors Guild Award for Outstanding Performance by a Cast in a Motion Picture,won,2017,Hidden Figures
12,Cannes Film Festival Award for Best Actress,won,2011,Melancholia
12,Critics' Choice Television Award for Best Movie/Miniseries Actress,won,2016,Fargo
12,MTV Movie Award for Best Breakthrough Performance,won,1995,Interview with the Vampire
12,MTV Movie Award for Best Performance,won,2003,Spider-Man
12,MTV Movie Award for Best Kiss,won,2003,Spider-Man
12,Robert Award for Best Actress in a Leading Role,won,2011,Melancholia
12,Satellite Award for Best Cast – Motion Picture,won,2017,Hidden Figures
12,Saturn Award for Best Actress,won,2012,Melancholia
12,star on Hollywood Walk of Fame,won,,
12,European Film Award for Best Actress,nominated,2011,Melancholia
12,Academy Award for Best Supporting Actress,nominated,2022,The Power of the Dog
122,Emmy Award,won,,
122,Primetime Emmy Award for Outstanding Guest Actor in a Comedy Series,won,1986,The Cosby Show
122,Tony Award for Best Featured Actor in a Play,nominated,1992,
127,Tony Award for Best Actor in a Musical,won,2014,
127,Drama Desk Award for Outstanding Actor in a Musical,won,,
127,Primetime Emmy Award for Outstanding Guest Actor in a Comedy Series,won,2010,Glee
127,star on Hollywood Walk of Fame,won,,
127,Drama League Award,won,,
129,Saturn Awards,won,,
129,Broadcast Film Critics Association Award for Best Supporting Actor,won,,
129,Academy Award for Best Supporting Actor,nominated,2000,The Green Mile
13,Indiana Film Journalists Association Award for Best Actor,won,2010,
13,Golden Globe Award for Best Actor – Miniseries or Television Film,won,2002,James Dean
13,Golden Shell,won,,
13,star on Hollywood Walk of Fame,won,,
13,Academy Award for Best Actor,nominated,2011,127 Hours
138,Outer Critics Circle Award,won,,
139,The Game Awards − Best Performance,nominated,2020,Spider-Man: Miles Morales
139,British Academy Games Award for Performer in a Leading Role,nominated,2021,Spider-Man: Miles Morales
14,Academy Award for Best Supporting Actor,won,2015,Whiplash
14,BAFTA Award for Best Actor in a Supporting Role,won,2015,Whiplash
14,Academy Award for Best Supporting Actor,nominated,2015,Whiplash
14,Academy Award for Best Supporting Actor,nominated,2022,Being the Ricardos
140,The Game Awards − Best Performance,won,2020,
140,British Academy Games Award for Performer in a Leading Role,won,2021,
140,The Game Awards − Best Performance,nominated,2017,Uncharted: The Lost Legacy
140,British Academy Games Award for Performer,nominated,2018,Uncharted: The Lost Legacy
140,The Game Awards − Best Performance,nominated,2019,Gears 5
140,British Academy Games Award for Performer in a Leading Role,nominated,2020,Gears 5
140,The Game Awards − Best Performance,nominated,2020,
140,British Academy Games Award for Performer in a Leading Role,nominated,2021,
152,Out100,won,2023,
152,Time 100,won,2024,
152,Academy Award for Best Actor,nominated,2024,Rustin
152,Academy Award for Best Actor,nominated,2025,Sing Sing
153,Saturn Award for Best Actor on Television,won,2015,Hannibal
154,The Game Awards − Best Performance,nominated,2025,
154,British Academy Games Award for Performer in a Supporting Role,nominated,2026,
164,star on Hollywood Walk of Fame,won,,
17,Theatre World Award,won,1996,
17,Drama League Award,won,,
17,Tony Award for Best Actor in a Play,nominated,1998,
17,Tony Award for Best Actor in a Play,nominated,2010,
17,Tony Award for Best Actor in a Musical,nominated,2004,
174,Academy Award for Best Live Action Short Film,nominated,1973,Frog Story
18,Theatre World Award,won,1953,
18,Tony Award for Best Actress in a Play,won,1966,
18,North Carolina Award for Fine Arts,won,,
18,Drama Desk Award for Outstanding Actress in a Play,won,,
18,Evening Standard Theatre Award for Best Actress,won,,
18,Primetime Emmy Award for Outstanding Lead Actress in a Miniseries or a Movie,won,,
18,Gotham Independent Film Award for Best Ensemble Cast,won,,
18,National Board of Review Award for Best Supporting Actress,won,,
18,Academy Award for Best Supporting Actress,nominated,1995,Tom & Viv
18,Tony Award for Best Actress in a Play,nominated,1972,
18,Tony Award for Best Actress in a Play,nominated,1976,
18,Tony Award for Best Actress in a Play,nominated,1984,
18,Tony Award for Best Actress in a Play,nominated,1985,
18,Tony Award for Best Actress in a Play,nominated,1986,
18,Tony Award for Best Actress in a Play,nominated,1996,
18,Tony Award for Best Actress in a Play,nominated,2000,
18,Tony Award for Best Featured Actress in a Play,nominated,2010,
180,honorary doctor of Carnegie-Mellon University,won,2018,
180,Primetime Emmy Award for Outstanding Lead Actor in a Comedy Series,won,1990,Cheers
180,Primetime Emmy Award for Outstanding Lead Actor in a Comedy Series,won,1993,Cheers
180,star on Hollywood Walk of Fame,won,,
19,Tony Award for Best Actress in a Musical,won,1994,
19,Drama Desk Award for Outstanding Actress in a Musical,won,1994,
19,Tony Award for Best Actress in a Musical,won,1996,
19,Drama Desk Award for Outstanding Actress in a Musical,won,2004,
19,Drama Desk Award for Outstanding Actress in a Musical,won,2007,
19,Drama League Award,won,,
19,Drama Desk Award for Outstanding Actress in a Musical,nominated,1992,
19,Drama Desk Award for Outstanding Featured Actress in a Musical,nominated,1994,
19,Drama Desk Award for Outstanding Actress in a Musical,nominated,1994,
19,Drama Desk Award for Outstanding Featured Actress in a Play,nominated,1996,
19,Drama Desk Award for Outstanding Actress in a Musical,nominated,1996,
19,Tony Award for Best Actress in a Musical,nominated,2004,
19,Drama Desk Award for Outstanding Actress in a Musical,nominated,2004,
19,Tony Award for Best Actress in a Musical,nominated,2007,
19,Drama Desk Award for Outstanding Actress in a Musical,nominated,2007,
19,Tony Award for Best Actress in a Musical,nominated,2011,
19,Drama Desk Award for Outstanding Actress in a Musical,nominated,2011,
19,Drama Desk Award for Outstanding Actress in a Musical,nominated,2013,
192,Academy Award for Best Actor,won,1969,Charly
192,Theatre World Award,won,1957,
192,National Aviation Hall of Fame,won,2006,
192,Primetime Emmy Award for Outstanding Lead Actor in a Miniseries or a Movie,won,1966,Bob Hope Presents the Chrysler Theatre
192,star on Hollywood Walk of Fame,won,,
192,Academy Award for Best Actor,nominated,1969,Charly
194,Inkpot Award,won,2014,
194,Sitges Film Festival Best Director award,won,1990,Darkman
194,Time Machine Award,won,1992,
194,The George Pal Memorial Award,won,,
195,Hugo Award for Best Dramatic Presentation,won,1994,Jurassic Park
196,Crystal Award,won,2002,
197,Academy Award for Best Picture,nominated,1999,Saving Private Ryan
198,Disney Legends,won,2015,
198,Primetime Emmy Award for Outstanding Original Main Title Theme Music,won,2005,Desperate Housewives
198,Primetime Emmy Award for Outstanding Music Direction,won,2016,
198,Primetime Emmy Award for Outstanding Original Main Title Theme Music,won,2023,Wednesday
198,Grammy Award for Best Instrumental Composition,won,1990,Batman
198,Academy Award for Best Original Musical or Comedy Score,nominated,1998,Men in Black
198,Academy Award for Best Original Dramatic Score,nominated,1998,Good Will Hunting
198,Academy Award for Best Original Score,nominated,2004,Big Fish
198,Academy Award for Best Original Score,nominated,2009,Milk
199,Academy Award for Best Cinematography,nominated,1995,
20,Most Promising Male Newcomer of the Year,won,1999,
200,Academy Award for Best Film Editing,won,2010,The Hurt Locker
200,Academy Award for Best Film Editing,nominated,2010,The Hurt Locker
202,Theatre World Award,won,1989,
202,Tony Award for Best Featured Actor in a Play,nominated,1991,
203,Writers Guild of America Award,won,,
203,"Academy Award for Best Writing, Adapted Screenplay",won,1978,Julia
203,"Academy Award for Best Writing, Adapted Screenplay",won,1981,Ordinary People
203,"Academy Award for Best Writing, Adapted Screenplay",nominated,1974,Paper Moon
203,"Academy Award for Best Writing, Adapted Screenplay",nominated,1978,Julia
203,"Academy Award for Best Writing, Adapted Screenplay",nominated,1981,Ordinary People
205,"Hugo Award for Best Dramatic Presentation, Short Form",nominated,2004,Smallville
205,"Hugo Award for Best Dramatic Presentation, Long Form",nominated,2005,Spider-Man 2
206,Pulitzer Prize for Fiction,won,2001,The Amazing Adventures of Kavalier & Clay
206,Nebula Award for Best Novel,won,2008,The Yiddish Policemen's Union
206,Helmerich Award,won,2008,
206,Hugo Award for Best Novel,won,2008,The Yiddish Policemen's Union
206,Locus Award for Best Science Fiction Novel,won,2008,The Yiddish Policemen's Union
206,Ignotus Award for Best Foreign Novel,won,2009,The Yiddish Policemen's Union
206,Sidewise Award for Alternate History,won,2007,The Yiddish Policemen's Union
206,Sophie Brody Medal,won,2017,Moonglow
206,Fernanda Pivano Award for American Literature,won,2013,
206,Mythopoeic Fantasy Award for Children's Literature,won,2003,Summerland
206,PEN/Faulkner Award for Fiction,nominated,2001,The Amazing Adventures of Kavalier & Clay
206,Locus Award for Best Short Story,nominated,2002,The God of Dark Laughter
206,"Hugo Award for Best Dramatic Presentation, Long Form",nominated,2005,Spider-Man 2
206,Hammett Prize,nominated,2007,The Yiddish Policemen's Union
206,Locus Award for Best Science Fiction Novel,nominated,2008,The Yiddish Policemen's Union
206,Grand Prix de l'Imaginaire for Best Foreign Novel,nominated,2004,The Amazing Adventures of Kavalier & Clay
206,BSFA Award for Best Novel,nominated,2007,The Yiddish Policemen's Union
206,Locus Award for Best Young Adult Book,nominated,2003,Summerland
206,Locus Award for Best Anthology,nominated,2004,McSweeney's Mammoth Treasury of Thrilling Tales
208,MTV Video Music Award for Best Cinematography,won,1988,We'll Be Together
208,Chlotrudis Award for Best Cinematography,nominated,2000,The Matrix
21,Broadcast Film Critics Association Award for Best Supporting Actor,won,2004,Sideways
21,Screen Actors Guild Award for Outstanding Performance by a Cast in a Motion Picture,won,2005,Sideways
21,Los Angeles Film Critics Association Award for Best Supporting Actor,won,2004,Sideways
21,Independent Spirit Award for Best Supporting Male,won,2005,Sideways
21,National Society of Film Critics Award for Best Supporting Actor,won,2004,Sideways
21,Broadcast Film Critics Association Award for Best Cast,won,2004,Sideways
21,Primetime Emmy Award for Outstanding Supporting Actor in a Miniseries or a Movie,won,2007,Broken Trail
21,Academy Award for Best Supporting Actor,nominated,2005,Sideways
210,Daytime Emmy Award,won,2013,
214,Screen Actors Guild Award for Outstanding Performance by an Ensemble in a Drama Series,won,2001,The West Wing
214,Thomas Merton Award,won,2013,
214,Laetare Medal,won,2008,
214,Primetime Emmy Award for Outstanding Guest Actor in a Comedy Series,won,1994,Murphy Brown
214,star on Hollywood Walk of Fame,won,,
214,Golden Globe Award for Best Actor – Television Series Drama,won,2001,The West Wing
214,Order of Danica Hrvatska,won,,
214,Silver Shell for Best Actor,won,1974,Badlands
214,Thomas Merton Award,won,2012,
214,Screen Actors Guild Award for Outstanding Performance by a Male Actor in a Drama Series,won,2001,The West Wing
214,Screen Actors Guild Award for Outstanding Performance by a Male Actor in a Drama Series,won,2002,The West Wing
214,Tony Award for Best Featured Actor in a Play,nominated,1965,
214,Screen Actors Guild Award for Outstanding Performance by a Cast in a Motion Picture,nominated,2007,Bobby
214,Screen Actors Guild Award for Outstanding Performance by a Cast in a Motion Picture,nominated,2007,The Departed
215,Academy Award for Best Actress,won,1980,Norma Rae
215,Academy Award for Best Actress,won,1985,Places in the Heart
215,Crystal Award,won,1986,
215,Fellow of the American Academy of Arts and Sciences,won,,
215,Primetime Emmy Award for Outstanding Lead Actress in a Drama Series,won,2007,Brothers & Sisters
215,Primetime Emmy Award for Outstanding Guest Actress in a Drama Series,won,2001,ER
215,star on Hollywood Walk of Fame,won,,
215,National Medal of Arts,won,2014,
215,Kennedy Center Honors,won,2019,
215,Hasty Pudding Woman of the Year,won,1986,
215,Screen Actors Guild Award for Outstanding Performance by a Female Actor in a Drama Series,won,,
215,Screen Actors Guild Life Achievement Award,won,,
215,Academy Award for Best Supporting Actress,nominated,2013,Lincoln
215,Academy Award for Best Actress,nominated,1980,Norma Rae
215,Academy Award for Best Actress,nominated,1985,Places in the Heart
215,Golden Raspberry Award for Worst Actress,nominated,1992,Not Without My Daughter
219,Sutherland Trophy,won,1990,The Fabulous Baker Boys
219,Critics' Choice Movie Award for Best Adapted Screenplay,won,2000,Wonder Boys
219,"Academy Award for Best Writing, Adapted Screenplay",nominated,2001,Wonder Boys
219,National Society of Film Critics Award for Best Screenplay,nominated,1989,The Fabulous Baker Boys
219,Writers Guild of America Award for Best Original Screenplay,nominated,1990,The Fabulous Baker Boys
219,National Society of Film Critics Award for Best Screenplay,nominated,2000,Wonder Boys
219,Critics' Choice Movie Award for Best Adapted Screenplay,nominated,2000,Wonder Boys
219,Golden Globe Award for Best Screenplay,nominated,2000,Wonder Boys
219,BAFTA Award for Best Adapted Screenplay,nominated,2001,Wonder Boys
219,Writers Guild of America Award for Best Adapted Screenplay,nominated,2001,Wonder Boys
219,Hugo Award for Best Dramatic Presentation,nominated,2002,Harry Potter and the Philosopher's Stone
219,"Hugo Award for Best Dramatic Presentation, Long Form",nominated,2003,Harry Potter and the Chamber of Secrets
219,"Hugo Award for Best Dramatic Presentation, Long Form",nominated,2005,Harry Potter and the Prisoner of Azkaban
219,"Hugo Award for Best Dramatic Presentation, Long Form",nominated,2006,Harry Potter and the Goblet of Fire
219,"Hugo Award for Best Dramatic Presentation, Long Form",nominated,2011,Harry Potter and the Deathly Hallows – Part 1
219,"Hugo Award for Best Dramatic Presentation, Long Form",nominated,2012,Harry Potter and the Deathly Hallows – Part 2
22,Hasty Pudding Woman of the Year,won,2019,
22,Screen Actors Guild Award for Outstanding Performance by a Cast in a Motion Picture,won,,
221,Grammy Award for Song of the Year,won,1987,Somewhere Out There
221,Grammy Award for Best Song Written for Visual Media,won,1987,Somewhere Out There
221,Grammy Award for Best Score Soundtrack for Visual Media,won,1990,
221,Academy Award for Best Original Song,won,1998,My Heart Will Go On
221,Golden Globe Award for Best Original Score,won,1997,Titanic
221,Golden Globe Award for Best Original Song,won,1997,My Heart Will Go On
221,Las Vegas Film Critics Society Award for Best Song,won,1998,Titanic
221,Satellite Award for Best Original Song,won,1998,My Heart Will Go On
221,Satellite Award for Best Original Score,won,1998,Titanic
221,Chicago Film Critics Association Award for Best Original Score,won,1998,Titanic
221,Grammy Award for Song of the Year,won,1998,
221,Grammy Award for Best Song Written for Visual Media,won,1998,
221,Grammy Award for Record of the Year,won,1998,
221,Academy Award for Best Original Dramatic Score,won,1998,Titanic
221,Grammy Award for Song of the Year,nominated,1987,Somewhere Out There
221,Academy Award for Best Original Song,nominated,1987,Somewhere Out There
221,Golden Globe Award for Best Original Song,nominated,1986,Somewhere Out There
221,Academy Award for Best Original Score,nominated,1987,Aliens
221,Grammy Award for Best Song Written for Visual Media,nominated,1987,Somewhere Out There
221,Academy Award for Best Original Score,nominated,1990,Field of Dreams
221,Golden Globe Award for Best Original Score,nominated,1989,Glory
221,Grammy Award for Best Score Soundtrack for Visual Media,nominated,1990,
221,Golden Globe Award for Best Original Song,nominated,1991,Dreams to Dream
221,Golden Globe Award for Best Original Score,nominated,1994,Legends of the Fall
221,Golden Globe Award for Best Original Score,nominated,1995,Braveheart
221,Grammy Award for Best Song Written for Visual Media,nominated,1995,
221,BAFTA Award for Best Original Music,nominated,1996,Braveheart
221,Academy Award for Best Original Song,nominated,1997,My Heart Will Go On
221,Golden Globe Award for Best Original Score,nominated,1997,Titanic
221,Golden Globe Award for Best Original Song,nominated,1997,My Heart Will Go On
221,Golden Globe Award for Best Original Song,nominated,1997,Titanic
221,Grammy Award for Song of the Year,nominated,1998,My Heart Will Go On
221,Satellite Award for Best Original Score,nominated,1998,Titanic
221,Chicago Film Critics Association Award for Best Original Score,nominated,1998,Titanic
221,Las Vegas Film Critics Society Award for Best Song,nominated,1998,Titanic
221,Grammy Award for Best Song Written for Visual Media,nominated,1998,
221,BAFTA Award for Best Original Music,nominated,1998,Titanic
221,Grammy Award for Record of the Year,nominated,1998,My Heart Will Go On
221,Satellite Award for Best Original Song,nominated,1998,My Heart Will Go On
221,Juno Award for International Album of the Year,nominated,1999,Titanic: Music from the Motion Picture
221,Satellite Award for Best Original Song,nominated,2001,
221,Golden Globe Award for Best Original Score,nominated,2001,A Beautiful Mind
221,Academy Award for Best Original Score,nominated,2002,A Beautiful Mind
221,Satellite Award for Best Original Score,nominated,2002,A Beautiful Mind
221,Satellite Award for Best Original Song,nominated,2002,
221,Academy Award for Best Original Score,nominated,2004,House of Sand and Fog
221,Satellite Award for Best Original Score,nominated,2004,The Missing
221,Broadcast Film Critics Association Award for Best Composer,nominated,2005,The New World
221,Academy Award for Best Original Score,nominated,2010,Avatar
221,Golden Globe Award for Best Original Song,nominated,2009,I See You (Theme from Avatar)
221,Golden Globe Award for Best Original Score,nominated,2009,Avatar
221,BAFTA Award for Best Original Music,nominated,2010,Avatar
221,Grammy Award for Best Score Soundtrack for Visual Media,nominated,2010,Avatar: Music from the Motion Picture
221,Grammy Award for Best Song Written for Visual Media,nominated,2010,I See You (Theme from Avatar)
221,Academy Award for Best Original Dramatic Score,nominated,1996,Apollo 13
221,Academy Award for Best Original Dramatic Score,nominated,1996,Braveheart
221,Academy Award for Best Original Dramatic Score,nominated,1998,Titanic
222,Academy Award for Best Cinematography,nominated,2004,Seabiscuit
224,Academy Award for Best Film Editing,won,1992,JFK
224,Academy Award for Best Film Editing,won,2002,Black Hawk Down
224,Academy Award for Best Film Editing,nominated,1992,JFK
224,Academy Award for Best Film Editing,nominated,1998,Good Will Hunting
224,Academy Award for Best Film Editing,nominated,2001,Gladiator
224,Academy Award for Best Film Editing,nominated,2002,Black Hawk Down
225,The George Pal Memorial Award,won,,
226,The George Pal Memorial Award,won,,
228,Academy Award for Best Original Score,won,1995,The Lion King
228,Officer's Cross of the Order of Merit of the Federal Republic of Germany,won,2018,
228,Stephen Hawking Medal For Science Communication,won,2016,
228,Gold Medal of Merit in the Fine Arts,won,2020,
228,Goethe Plaque of the City of Frankfurt,won,2021,
228,"Grammy Award for Best Arrangement, Instrumental and Vocals",won,1995,Circle of Life
228,star on Hollywood Walk of Fame,won,2010,
228,Golden Globe Award for Best Original Score,won,2021,Dune
228,Academy Award for Best Original Score,won,2022,Dune
228,Saturn Awards,won,,
228,Disney Legends,won,2019,
228,Classic Brit Awards,won,,
228,Academy Award for Best Original Score,nominated,1989,Rain Man
228,Academy Award for Best Original Score,nominated,1995,The Lion King
228,Academy Award for Best Original Musical or Comedy Score,nominated,1997,The Preacher's Wife
228,Academy Award for Best Original Musical or Comedy Score,nominated,1998,As Good as It Gets
228,Academy Award for Best Original Musical or Comedy Score,nominated,1999,The Prince of Egypt
228,Academy Award for Best Original Dramatic Score,nominated,1999,The Thin Red Line
228,Academy Award for Best Original Score,nominated,2001,Gladiator
228,Academy Award for Best Original Score,nominated,2010,Sherlock Holmes
228,Academy Award for Best Original Score,nominated,2011,Inception
228,Academy Award for Best Original Score,nominated,2015,Interstellar
228,Academy Award for Best Original Score,nominated,2022,Dune
228,Academy Award for Best Original Score,nominated,2018,Dunkirk
228,Tony Award for Best Original Score,nominated,1998,The Lion King
23,Primetime Emmy Award for Outstanding Supporting Actor in a Miniseries or a Movie,won,2013,American Horror Story: Asylum
23,Academy Award for Best Supporting Actor,nominated,1996,Babe
231,Primetime Emmy Award for Outstanding Lead Actress in a Drama Series,won,2020,Euphoria
231,"Black Reel Award for Outstanding Actress, Drama Series",won,2020,Euphoria
231,Kids' Choice Award for Favorite TV Actress,won,2016,K.C. Undercover
231,Kids' Choice Award for Favorite TV Actress,won,2017,K.C. Undercover
231,Kids' Choice Award for Favorite TV Actress,won,2019,K.C. Undercover
231,Satellite Award for Best Actress – Television Series Drama,won,2020,Euphoria
231,Saturn Award for Best Supporting Actress,won,2019,Spider-Man: Far From Home
231,Primetime Emmy Award for Outstanding Lead Actress in a Drama Series,won,2022,Euphoria
231,Time 100,won,2022,
231,Golden Globe Award for Best Actress – Television Series Drama,won,2023,Euphoria
231,Crystal Award,won,2021,
233,Writers Guild of America Award,won,,
233,Grammy Award for Best R&B Song,won,2015,
233,Golden Globe Award for Best Actor – Television Series Musical or Comedy,won,2017,Atlanta
233,Primetime Emmy Award for Outstanding Lead Actor in a Comedy Series,won,2017,Atlanta
233,Primetime Emmy Award for Outstanding Directing for a Comedy Series,won,2017,Atlanta
233,Grammy Award for Best Traditional R&B Performance,won,2015,
233,Grammy Award for Best Music Video,won,2018,
233,Grammy Award for Best Melodic Rap Performance,won,2018,
233,Grammy Award for Song of the Year,won,2018,
233,Golden Globe Award for Best Actor – Television Series Musical or Comedy,nominated,2023,Atlanta
24,Drama Desk Award for Outstanding Actor in a Play,won,,
24,Golden Globe Award for Best Actor – Motion Picture Musical or Comedy,won,2021,"Tick, Tick... Boom!"
24,Time 100,won,2022,
24,British Academy Television Award for Best Actor,won,2008,Boy A
24,Tony Award for Best Featured Actor in a Play,nominated,2012,
24,Academy Award for Best Actor,nominated,2017,Hacksaw Ridge
24,Golden Globe Award for Best Actor – Miniseries or Television Film,nominated,2023,Under the Banner of Heaven
24,Academy Award for Best Actor,nominated,2022,"Tick, Tick... Boom!"
240,Inkpot Award,won,2017,
240,Academy Award for Best Picture,nominated,2019,Black Panther
241,Women in Film Honors,won,2001,
241,Crystal Award,won,2001,
241,Academy Award for Best Picture,nominated,2018,The Post
241,Academy Award for Best Animated Feature,nominated,2024,Spider-Man: Across the Spider-Verse
242,Academy Award for Best Original Score,won,2010,Up
242,Goya Award for Best Original Score,won,2024,Society of the Snow
242,Grammy Award for Best Score Soundtrack for Visual Media,won,,
242,Primetime Emmy Award for Outstanding Music Composition for a Series (Original Dramatic Score),won,,
242,Academy Award for Best Original Score,nominated,2008,Ratatouille
242,Academy Award for Best Original Score,nominated,2010,Up
247,Academy Award for Best Animated Feature,won,2019,Spider-Man: Into the Spider-Verse
248,Academy Award for Best Animated Feature,won,2019,Spider-Man: Into the Spider-Verse
249,Academy Award for Best Animated Feature,won,2019,Spider-Man: Into the Spider-Verse
25,Golden Globe Award for Best Actress in a Motion Picture – Musical or Comedy,won,2017,
25,Academy Award for Best Actress,won,2017,
25,BAFTA Award for Best Actress in a Leading Role,won,2017,
25,Golden Globe Award for Best Actress in a Motion Picture – Musical or Comedy,won,2023,Poor Things
25,Academy Award for Best Actress,won,2024,Poor Things
25,Volpi Cup for Best Actress,won,2016,
25,Golden Globe for best actress,won,,
25,BAFTA Award for Best Actress in a Leading Role,won,2024,Poor Things
25,Academy Award for Best Supporting Actress,nominated,2015,Birdman
25,Academy Award for Best Actress,nominated,2017,
25,European Film Award – People's Choice Award for Best European Film,nominated,2019,The Favourite
25,Academy Award for Best Supporting Actress,nominated,2019,The Favourite
25,Academy Award for Best Actress,nominated,2024,Poor Things
25,Academy Award for Best Picture,nominated,2024,Poor Things
25,Academy Award for Best Actress,nominated,,Bugonia
25,Academy Award for Best Picture,nominated,,Bugonia
250,Academy Award for Best Animated Feature,won,2019,Spider-Man: Into the Spider-Verse
250,Academy Award for Best Animated Feature,nominated,2024,Spider-Man: Across the Spider-Verse
250,Academy Award for Best Animated Feature,nominated,2022,The Mitchells vs. The Machines
251,Academy Award for Best Animated Feature,won,2019,Spider-Man: Into the Spider-Verse
251,Academy Award for Best Animated Feature,nominated,2024,Spider-Man: Across the Spider-Verse
251,Academy Award for Best Animated Feature,nominated,2022,The Mitchells vs. The Machines
253,Hollywood Music in Media Award for Best Original Score in an Animated Film,won,2023,Spider-Man: Across the Spider-Verse
253,Annie Award for Music in a Feature Production,won,2024,Spider-Man: Across the Spider-Verse
253,Academy Award for Best Original Song,nominated,2021,Hear My Voice
257,Laurence Olivier Award for Best Actor,won,2012,
257,Commander of the Order of the British Empire,won,,
257,Laurence Olivier Awards,won,,
257,British Academy Television Award for Best Actor,won,2019,Patrick Melrose
257,Satellite Award for Best Actor – Miniseries or Television Film,won,2012,Sherlock
257,Primetime Emmy Award for Outstanding Lead Actor in a Miniseries or a Movie,won,2014,Sherlock
257,Order of the British Empire,won,,
257,British Academy Television Awards,won,,
257,British Independent Film Awards,won,2014,
257,Critics' Choice Television Award,won,2012,
257,Time 100,won,,
257,Academy Award for Best Actor,nominated,2015,The Imitation Game
257,Laurence Olivier Award for Best Actor,nominated,2012,
257,British Academy Television Award for Best Supporting Actor,nominated,2010,Small Island
257,MTV Movie Award for Best Villain,nominated,2014,Star Trek Into Darkness
257,Primetime Emmy Award for Outstanding Lead Actor in a Miniseries or a Movie,nominated,2012,Sherlock
257,Primetime Emmy Award for Outstanding Lead Actor in a Miniseries or a Movie,nominated,2014,Sherlock
257,British Academy Television Award for Best Actor,nominated,2011,Sherlock
257,British Academy Television Award for Best Actor,nominated,2012,Sherlock
257,British Academy Television Award for Best Actor,nominated,2005,Hawking
257,British Independent Film Award for Best Supporting Actor,nominated,2011,Tinker Tailor Soldier Spy
257,Screen Actors Guild Award for Outstanding Performance by a Cast in a Motion Picture,nominated,2014,12 Years a Slave
257,Screen Actors Guild Award for Outstanding Performance by a Cast in a Motion Picture,nominated,2014,August: Osage County
257,Primetime Emmy Award for Outstanding Lead Actor in a Miniseries or a Movie,nominated,2013,Parade's End
257,Laurence Olivier Award for Best Performance in a Supporting Role,nominated,2006,
257,European Film Award – People's Choice Award for Best European Film,nominated,2015,The Imitation Game
257,Academy Award for Best Actor,nominated,2022,The Power of the Dog
258,Academy Award for Best Cinematography,won,2010,Avatar
258,Academy Award for Best Cinematography,nominated,2010,Avatar
26,British Academy Film Awards,won,2005,
260,OkayAfrica 100 Women,won,2017,
260,Gracie Awards,won,,
260,Time 100,won,2018,
260,Time 100,won,2022,
262,"Academy Award for Best Writing, Adapted Screenplay",nominated,2021,One Night in Miami...
262,Academy Award for Best Animated Feature,nominated,2024,Spider-Man: Across the Spider-Verse
263,Academy Award for Best Animated Feature,nominated,2024,Spider-Man: Across the Spider-Verse
269,Academy Award for Best Original Score,won,2019,Black Panther
269,Primetime Emmy Award for Outstanding Music Composition for a Series (Original Dramatic Score),won,2020,The Mandalorian
269,Grammy Award for Song of the Year,won,2019,This Is America
269,Golden Globe Award for Best Original Score,won,2023,Oppenheimer
269,Academy Award for Best Original Score,won,2024,Oppenheimer
269,Grammy Award for Record of the Year,won,2019,This Is America
269,Grammy Award for Best Score Soundtrack for Visual Media,won,2024,Oppenheimer
269,Grammy Award for Best Score Soundtrack for Visual Media,won,2019,Black Panther
269,Primetime Emmy Award for Outstanding Music Composition for a Series (Original Dramatic Score),won,2021,The Mandalorian
269,Golden Globe Award for Best Original Score,won,2026,Sinners
269,Academy Award for Best Original Score,won,2026,Sinners
269,Academy Award for Best Original Song,nominated,2023,Lift Me Up
269,Academy Award for Best Original Score,nominated,2019,Black Panther
269,Academy Award for Best Original Song,nominated,,
269,Academy Award for Best Original Score,nominated,,Sinners
269,Academy Award for Best Original Song,nominated,2026,I Lied to You
27,Ellis Island Medal of Honor,won,,
27,Amateur Cartoonist Extraordinary Award,won,1996,
270,Academy Award for Best Cinematography,nominated,2011,Black Swan
270,Academy Award for Best Cinematography,nominated,2024,Maestro
270,Academy Award for Best Cinematography,nominated,2019,A Star Is Born
271,Academy Award for Best Film Editing,nominated,2016,Star Wars: Episode VII – The Force Awakens
271,American Cinema Editors Award for Best Edited Animated Feature Film,nominated,2010,How to Train Your Dragon
271,Primetime Emmy Award for Outstanding Single-Camera Picture Editing for a Drama Series,nominated,2003,Alias
272,Emmy Award,won,,
272,Academy Award for Best Film Editing,nominated,2014,American Hustle
272,Academy Award for Best Film Editing,nominated,2021,The Trial of the Chicago 7
273,Primetime Emmy Award for Outstanding Lead Actor in a Limited or Anthology Series or Movie,won,2025,Adolescence
273,Golden Globe Award for Best Actor – Miniseries or Television Film,won,2026,Adolescence
273,Independent Spirit Award for Best Lead Performance in a New Scripted Series,won,2026,Adolescence
273,British Academy Television Award for Best Actor,nominated,2016,This Is England '90
275,Academy Award for Best Original Score,nominated,2008,3:10 to Yuma
275,Academy Award for Best Original Score,nominated,2010,The Hurt Locker
276,Academy Award for Best Cinematography,won,1992,JFK
276,Academy Award for Best Cinematography,won,2005,The Aviator
276,Academy Award for Best Cinematography,won,2012,Hugo
276,Academy Award for Best Cinematography,nominated,1987,Platoon
276,Academy Award for Best Cinematography,nominated,1990,Born on the Fourth of July
276,Academy Award for Best Cinematography,nominated,1992,JFK
276,Academy Award for Best Cinematography,nominated,2000,Snow Falling on Cedars
276,Academy Award for Best Cinematography,nominated,2005,The Aviator
276,Academy Award for Best Cinematography,nominated,2010,Inglourious Basterds
276,Academy Award for Best Cinematography,nominated,2012,Hugo
276,Academy Award for Best Cinematography,nominated,2013,Django Unchained
276,Academy Award for Best Cinematography,nominated,2016,The Hateful Eight
276,Academy Award for Best Cinematography,nominated,2020,Once Upon a Time in Hollywood
278,Academy Award for Best Supporting Actor,won,2014,Dallas Buyers Club
278,Golden Globe Award for Best Supporting Actor – Motion Picture,won,,
278,MTV Movie Award for Best On-Screen Transformation,won,2014,
278,Screen Actors Guild Award for Outstanding Performance by a Male Actor in a Supporting Role,won,,
278,AARP Movies for Grownups Award for Best Supporting Actor,won,,
278,Chicago Film Critics Association Award for Best Supporting Actor,won,,
278,Broadcast Film Critics Association Award for Best Supporting Actor,won,,
278,Dallas-Fort Worth Film Critics Association Award for Best Supporting Actor,won,,
278,Detroit Film Critics Society Award for Best Supporting Actor,won,,
278,Florida Film Critics Circle Award for Best Supporting Actor,won,,
278,Golden Raspberry Award for Worst Actor,won,,
278,Golden Raspberry Award for Worst Supporting Actor - Razzie Award,won,,
278,Houston Film Critics Society Award for Best Supporting Actor,won,,
278,Independent Spirit Award for Best Supporting Male,won,,
278,Los Angeles Film Critics Association Award for Best Supporting Actor,won,,
278,New York Film Critics Circle Award for Best Supporting Actor,won,,
278,San Diego Film Critics Society Award for Best Supporting Actor,won,,
278,Satellite Award for Best Supporting Actor – Motion Picture,won,,
278,St. Louis Film Critics Association Award for Best Supporting Actor,won,,
278,Toronto Film Critics Association Award for Best Supporting Actor,won,,
278,Vancouver Film Critics Circle Award for Best Supporting Actor,won,,
278,Washington D.C. Area Film Critics Association Award for Best Supporting Actor,won,,
278,Academy Award for Best Supporting Actor,nominated,2014,Dallas Buyers Club
283,Robert Award for Best Score,won,2020,Queen of Hearts
284,Jupiter Awards,won,,
288,Time 100,won,,
288,Time 100,won,2025,
288,Golden Globe Award for Best Actor – Television Series Drama,nominated,2023,Severance
293,Amanda Award for Best Score,won,2009,Troubled Water
293,Amanda Award for Best Score,won,2011,King of Devil's Island
293,European Film Award for Best Composer,nominated,2005,Brothers
293,European Film Award for Best Composer,nominated,2009,Let the Right One In
297,National Board of Review Award for Best Film,won,,
297,"Academy Award for Best Writing, Original Screenplay",nominated,2012,Margin Call
298,"Hugo Award for Best Dramatic Presentation, Long Form",nominated,2009,Iron Man
299,"Hugo Award for Best Dramatic Presentation, Long Form",nominated,2009,Iron Man
30,Padma Shri in arts,won,2011,
30,CNN-News18 Indian of the Year,won,2012,
30,Asian Film Award for Best Actor,won,2014,The Lunchbox
30,Filmfare Award for Best Performance in a Negative Role,won,,Haasil
30,Filmfare Award for Best Supporting Actor,won,,Life in a... Metro
30,National Film Award for Best Actor,won,,Paan Singh Tomar
30,Filmfare Critics Award for Best Actor,won,,Paan Singh Tomar
30,Filmfare Award for Best Actor,won,,Hindi Medium
302,Hollywood Music in Media Awards,won,,
303,European Film Award for Best Composer,won,2017,Loveless
304,European Film Award for Best Composer,won,2017,Loveless
306,Academy Award for Best Film Editing,nominated,1987,Top Gun
306,Academy Award for Best Film Editing,nominated,1996,Crimson Tide
307,BAFTA Rising Star Award,won,2013,
307,Sitges Film Festival Best Actress award,won,2013,Magic Magic
31,Academy Award for Best Actor,won,2005,Ray
31,BAFTA Award for Best Actor in a Leading Role,won,2005,Ray
31,star on Hollywood Walk of Fame,won,,
31,Golden Globe Award for Best Actor – Motion Picture Musical or Comedy,won,2005,Ray
31,Screen Actors Guild Award for Outstanding Performance by a Male Actor in a Leading Role,won,2005,Ray
31,Favorite Soul/R&B Male Artist,won,,
31,"Soul Train Music Award for Best R&B/Soul Album, Male",won,2007,Unpredictable
31,Grammy Award for Best R&B Performance by a Duo or Group with Vocals,won,2007,
31,MTV Movie Award for Best Male Performance,won,2005,Ray
31,MTV Movie Award for Best Jaw Dropping Moment,won,2013,Django Unchained
31,BET Award for Best Collaboration,won,2009,Blame It
31,Black Reel Award for Best Supporting Actor,won,2002,
31,Black Reel Award for Best Supporting Actor,won,2005,Collateral
31,Black Reel Award for Best Supporting Actor,won,2005,Ray
31,Boston Society of Film Critics Award for Best Actor,won,2004,Ray
31,Critics' Choice Movie Award for Best Actor,won,2004,Ray
31,Florida Film Critics Circle Award for Best Actor,won,2004,Ray
31,Hollywood Film Festival,won,2004,
31,Kansas City Film Critics Circle Award for Best Actor,won,2004,Ray
31,Las Vegas Film Critics Society Award for Best Actor,won,2004,Ray
31,London Film Critics Circle Award for Actor of the Year,won,2004,Ray
31,NAACP Image Award for Outstanding Actor in a Comedy Series,won,1998,The Jamie Foxx Show
31,NAACP Image Award for Outstanding Actor in a Motion Picture,won,2004,Ray
31,National Board of Review Award for Best Actor,won,2005,Ray
31,Soul Train Music Award for Best R&B/Soul or Rap Music Video,won,2006,Gold Digger
31,Vancouver Film Critics Circle Award for Best Actor,won,2004,Ray
31,Washington D.C. Area Film Critics Association,won,2004,Ray
31,Women in Film Honors,won,2005,
31,Academy Award for Best Supporting Actor,nominated,2005,Collateral
31,Academy Award for Best Actor,nominated,2005,Ray
31,NAACP Image Award for Outstanding Actor in a Comedy Series,nominated,1999,The Jamie Foxx Show
312,Academy Award for Best Film Editing,won,2014,Gravity
312,Academy Award for Best Film Editing,nominated,2014,Gravity
314,Lucille Lortel Award for Outstanding Featured Actress in a Play,won,2015,
316,"Hugo Award for Best Dramatic Presentation, Long Form",won,2014,Gravity
316,Bradbury Award,won,,
318,Academy Award for Best Supporting Actor,won,2005,Million Dollar Baby
318,Kennedy Center Honors,won,,
318,AFI Life Achievement Award,won,2011,
318,Golden Globe Awards,won,,
318,Silver Bear,won,,
318,star on Hollywood Walk of Fame,won,,
318,National Medal of Arts,won,2015,
318,Clarence Derwent Awards,won,,
318,Screen Actors Guild Award for Outstanding Performance by a Male Actor in a Supporting Role,won,,
318,Academy Award for Best Supporting Actor,nominated,1988,Street Smart
318,Academy Award for Best Supporting Actor,nominated,2005,Million Dollar Baby
318,Academy Award for Best Actor,nominated,1990,Driving Miss Daisy
318,Academy Award for Best Actor,nominated,1995,The Shawshank Redemption
318,Academy Award for Best Actor,nominated,2010,Invictus
318,Tony Award for Best Featured Actor in a Play,nominated,1978,
32,European Film Award – People's Choice Award for Best European Film,nominated,2018,Valérian and the City of a Thousand Planets
322,National Medal of Arts,won,2008,
322,Inkpot Award,won,1974,
322,Disney Legends,won,2017,
322,Saturn Awards,won,2002,
322,World War II Victory Medal,won,,
322,star on Hollywood Walk of Fame,won,,
322,Will Eisner Hall of Fame,won,1994,
322,The Hero Initiative Lifetime Achievement Award,won,2011,
322,Alley Award for Best Editor,won,1963,
322,Alley Award for Best Writer,won,1963,
322,Alley Award for Best Editor,won,1964,
322,Alley Award for Best Writer,won,1964,
322,Alley Award for Best Editor,won,1965,
322,Alley Award for Best Writer,won,1965,
322,Alley Award for Best Editor,won,1966,
322,Alley Award for Best Writer,won,1966,
322,Alley Award for Best Editor,won,1967,
322,Alley Award for Best Writer,won,1967,
322,Alley Award for Best Editor,won,1968,
322,Alley Award for Best Writer,won,1968,
322,Science Fiction and Fantasy Hall of Fame,won,2018,
322,"Hugo Award for Best Dramatic Presentation, Long Form",nominated,2005,Spider-Man 2
323,Inkpot Award,won,1987,
323,Will Eisner Hall of Fame,won,1994,
323,Jack Kirby Hall of Fame,won,1990,
323,The Joe Sinnott Hall of Fame,won,2015,
323,Disney Legends,won,2024,
324,Tony Award for Best Original Score,nominated,1971,The Me Nobody Knows
329,Jōji Tsubota Award,won,2018,
33,Indiana Film Journalists Association Award for Best Actor,won,2011,
33,Primetime Emmy Award for Outstanding Lead Actor in a Miniseries or a Movie,won,2008,John Adams
33,Golden Globe Award for Best Actor – Motion Picture Musical or Comedy,won,2023,The Holdovers
33,Screen Actors Guild Award for Outstanding Performance by a Cast in a Motion Picture,won,,
33,Screen Actors Guild Award for Outstanding Performance by a Male Actor in a Supporting Role,won,,
33,Screen Actors Guild Award for Outstanding Performance by a Male Actor in a Miniseries or Television Movie,won,,
33,Broadcast Film Critics Association Award for Best Cast,won,,
33,Broadcast Film Critics Association Award for Best Supporting Actor,won,,
33,Critics' Choice Movie Award for Best Actor,won,,
33,Golden Globe Award for Best Actor – Motion Picture Musical or Comedy,won,,
33,Academy Award for Best Supporting Actor,nominated,2006,Cinderella Man
33,Academy Award for Best Actor,nominated,2024,The Holdovers
334,Winsor McCay Award,won,1988,
334,Inkpot Award,won,2008,
335,Winsor McCay Award,won,1999,
336,Academy Award for Best Original Song,won,1954,Secret Love
336,Academy Award for Best Original Song,won,1956,Love Is a Many-Splendored Thing
336,Grammy Award for Song of the Year,won,1966,"The Shadow of Your Smile (Love Theme from ""The Sandpiper"")"
336,Academy Award for Best Original Song,won,1966,The Shadow of Your Smile
336,Academy Award for Best Original Song,nominated,1945,Remember Me to Carolina
336,Academy Award for Best Original Song,nominated,1957,Friendly Persuasion
336,Academy Award for Best Original Song,nominated,1958,April Love
336,Academy Award for Best Original Song,nominated,1959,A Certain Smile
336,Academy Award for Best Original Song,nominated,1959,A Very Precious Love
336,Academy Award for Best Original Song,nominated,1961,The Green Leaves of Summer
336,Academy Award for Best Original Song,nominated,1962,Love Theme from El Cid (The Falcon and the Dove)
336,Academy Award for Best Original Song,nominated,1963,Love Song from Mutiny on the Bounty
336,Academy Award for Best Original Song,nominated,1963,Tender Is the Night
336,Academy Award for Best Original Song,nominated,1964,So Little Time
336,Academy Award for Best Original Song,nominated,1967,
336,Academy Award for Best Original Song,nominated,1973,
336,Academy Award for Best Original Song,nominated,1977,
34,Officer of the Order of Canada,won,,
34,Earle Grey Award,won,2014,
34,Governor General's Performing Arts Award,won,2019,
343,Academy Award for Best Animated Short Film,won,1965,The Pink Phink
343,Academy Award for Best Animated Short Film,nominated,1965,The Pink Phink
343,Academy Award for Best Animated Short Film,nominated,1967,The Pink Blueprint
348,Daytime Emmy Award for Outstanding Performer in an Animated Program,won,2012,
348,star on Hollywood Walk of Fame,won,2000,
348,Inkpot Award,won,1974,
35,National Board of Review of Motion Pictures,won,2012,
35,London Film Critics' Circle,won,2013,
35,Empire Awards,won,2013,
35,Young Artist Awards,won,2012,
35,BAFTA Rising Star Award,won,2017,
35,2019 Teen Choice Awards,won,,
352,Screen Actors Guild Life Achievement Award,won,,
352,Paul Robeson Award,won,1982,
352,Primetime Emmy Award for Outstanding Lead Actor in a Drama Series,won,1978,Lou Grant
352,Primetime Emmy Award for Outstanding Lead Actor in a Drama Series,won,1980,Lou Grant
352,Primetime Emmy Award for Outstanding Supporting Actor in a Comedy Series,won,1971,The Mary Tyler Moore Show
352,Primetime Emmy Award for Outstanding Supporting Actor in a Comedy Series,won,1972,The Mary Tyler Moore Show
352,Primetime Emmy Award for Outstanding Supporting Actor in a Comedy Series,won,1975,The Mary Tyler Moore Show
352,star on Hollywood Walk of Fame,won,1992,
352,Golden Globe Award for Best Actor – Miniseries or Television Film,won,1972,The Mary Tyler Moore Show
352,Golden Globe Award for Best Actor – Miniseries or Television Film,won,1976,The Mary Tyler Moore Show
352,Golden Globe Award for Best Actor – Miniseries or Television Film,won,1977,"Rich Man, Poor Man"
352,Golden Globe Award for Best Actor – Television Series Drama,won,1978,Lou Grant
352,Golden Globe Award for Best Actor – Television Series Drama,won,1980,Lou Grant
352,Primetime Emmy Award for Outstanding Guest Actor in a Drama Series,won,1976,"Rich Man, Poor Man"
352,Eugene V. Debs Award,won,1987,
352,Hugh M. Hefner First Amendment Award,won,,
354,Golden Joystick Awards − Best Performer,nominated,2021,Ratchet & Clank: Rift Apart
36,Officer of Arts and Letters,won,2016,
36,Alliance of Women Film Journalists Award for Best Actor,won,2014,
36,star on Hollywood Walk of Fame,won,,
36,Primetime Emmy Award for Outstanding Lead Actor in a Limited or Anthology Series or Movie,won,,
36,Academy Award for Best Actor,nominated,2015,Birdman
367,Ellis Island Medal of Honor,won,,
367,Academy Award for Best Original Song,won,1976,I'm Easy
367,Golden Globe Award for Best Original Song,won,1976,I'm Easy
367,star on Hollywood Walk of Fame,won,,
367,Tony Award for Best Actor in a Musical,nominated,1991,
369,Eisner Award for Best New Series,won,2001,Powers
369,Eisner Award for Best Writer,won,2002,
369,Eisner Award for Best Writer,won,2003,
369,Eisner Award for Best Continuing Series,won,2003,
369,Inkpot Award,won,2010,
369,Peabody Awards,won,,Jessica Jones
369,Eisner Award for Talent Deserving of Wider Recognition,won,1999,
369,Eisner Award for Best Writer,nominated,,
37,California Hall of Fame,won,2015,
37,Golden Globe Award for Best Actor – Motion Picture Musical or Comedy,won,2010,Sherlock Holmes
37,BAFTA Award for Best Actor in a Leading Role,won,1993,
37,Golden Globe Awards,won,1994,Short Cuts
37,Saturn Award for Best Actor,won,1993,Heart and Souls
37,Saturn Award for Best Actor,won,2009,Iron Man
37,Saturn Award for Best Actor,won,2014,Iron Man 3
37,Saturn Award for Best Actor,won,2019,Avengers: Endgame
37,"Golden Globe Award for Best Supporting Actor – Series, Miniseries or Television Film",won,2001,Ally McBeal
37,Screen Actors Guild Award for Outstanding Performance by a Male Actor in a Comedy Series,won,2001,Ally McBeal
37,Saturn Awards,won,1994,
37,MTV Movie & TV Awards,won,2019,
37,Disney Legends,won,2019,
37,Sitges Film Festival Best Actor award,won,2003,The Singing Detective
37,Golden Globe Award for Best Supporting Actor – Motion Picture,won,2023,Oppenheimer
37,Broadcast Film Critics Association Award for Best Supporting Actor,won,2023,Oppenheimer
37,BAFTA Award for Best Actor in a Supporting Role,won,2024,Oppenheimer
37,Academy Award for Best Supporting Actor,won,2024,Oppenheimer
37,Academy Award for Best Supporting Actor,nominated,2009,Tropic Thunder
37,Academy Award for Best Actor,nominated,1993,Chaplin
37,Academy Award for Best Supporting Actor,nominated,2024,Oppenheimer
370,Hugo Award for Best Dramatic Presentation,won,1993,Star Trek: The Next Generation
38,Academy Award for Best Supporting Actress,won,1993,My Cousin Vinny
38,MTV Movie Award for Best Kiss,won,1993,Untamed Heart
38,MTV Movie Award for Best Breakthrough Performance,won,1993,My Cousin Vinny
38,Las Vegas Film Critics Society Award for Best Supporting Actress,won,2008,The Wrestler
38,Florida Film Critics Circle Award for Best Supporting Actress,won,2008,The Wrestler
38,Phoenix Film Critics Society Award for Best Supporting Actress,won,2008,The Wrestler
38,San Diego Film Critics Society Award for Best Supporting Actress,won,2008,The Wrestler
38,San Francisco Film Critics Circle Award for Best Supporting Actress,won,2008,The Wrestler
38,Online Film Critics Society Award for Best Supporting Actress,won,2009,The Wrestler
38,Drama Desk Special Award,won,2014,The Realistic Joneses
38,Theatre World Award,won,1986,
38,Academy Award for Best Supporting Actress,nominated,2002,In the Bedroom
38,Academy Award for Best Supporting Actress,nominated,1993,My Cousin Vinny
38,MTV Movie Award for Best Breakthrough Performance,nominated,1993,My Cousin Vinny
38,MTV Movie Award for Best Kiss,nominated,1993,Untamed Heart
38,Screen Actors Guild Award for Outstanding Performance by a Female Actor in a Supporting Role,nominated,1997,Unhook the Stars
38,Daytime Emmy Award for Outstanding Lifestyle/Culinary Show Host,nominated,1997,
38,National Society of Film Critics Award for Best Supporting Actress,nominated,2001,In the Bedroom
38,Broadcast Film Critics Association Award for Best Supporting Actress,nominated,2001,In the Bedroom
38,Golden Globe Award for Best Supporting Actress – Motion Picture,nominated,2001,In the Bedroom
38,Screen Actors Guild Award for Outstanding Performance by a Cast in a Motion Picture,nominated,2002,In the Bedroom
38,Broadcast Film Critics Association Award for Best Cast,nominated,2007,Before the Devil Knows You're Dead
38,Golden Globe Award for Best Supporting Actress – Motion Picture,nominated,2008,The Wrestler
38,San Francisco Film Critics Circle Award for Best Supporting Actress,nominated,2008,The Wrestler
38,San Diego Film Critics Society Award for Best Supporting Actress,nominated,2008,The Wrestler
38,Phoenix Film Critics Society Award for Best Supporting Actress,nominated,2008,The Wrestler
38,Florida Film Critics Circle Award for Best Supporting Actress,nominated,2008,The Wrestler
38,Drama Desk Award for Outstanding Featured Actress in a Play,nominated,2008,
38,Las Vegas Film Critics Society Award for Best Supporting Actress,nominated,2008,The Wrestler
38,Independent Spirit Award for Best Supporting Female,nominated,2008,Before the Devil Knows You're Dead
38,Broadcast Film Critics Association Award for Best Supporting Actress,nominated,2008,The Wrestler
38,Academy Award for Best Supporting Actress,nominated,2009,The Wrestler
38,Online Film Critics Society Award for Best Supporting Actress,nominated,2009,The Wrestler
38,BAFTA Award for Best Actress in a Supporting Role,nominated,2009,The Wrestler
38,Satellite Award for Best Actress – Motion Picture Musical or Comedy,nominated,2010,Cyrus
38,Broadcast Film Critics Association Award for Best Cast,nominated,2011,The Ides of March
38,Golden Raspberry Award for Worst Supporting Actress,nominated,1992,Oscar
384,Writers Guild of America Award,won,1999,
384,Inkpot Award,won,2013,
384,Eisner Award for Best Single Issue/One-Shot,won,1994,The Batman Adventures: Mad Love
384,Eisner Award for Best Single Issue/One-Shot,won,1995,
384,Eisner Award for Best Title for Younger Readers,won,1996,
384,Eisner Award for Best Graphic Album — New,won,1998,
384,Eisner Award for Best Comics-Related Book,won,1999,
384,Eisner Award for Best Graphic Album — New,won,1999,Superman: Peace on Earth
384,Eisner Award for Best Graphic Album — Reprint,won,2004,
384,Writers Guild of America Award,won,2006,
384,Harvey Award for Best Single Issue or Story,won,1994,The Batman Adventures: Mad Love
384,Harvey Award for Best Graphic Album of Original Work,won,2000,Batman: War on Crime
386,Eisner Award for Best Writer,nominated,,
39,Disney Legends,won,2019,
396,Boettcher Scholarship,won,,
4,Tony Award for Best Actor in a Musical,won,1951,
40,Academy Award for Best Actress,won,1999,Shakespeare in Love
40,Crystal Award,won,2004,
40,Primetime Emmy Award for Outstanding Guest Actress in a Comedy Series,won,2011,Glee
40,star on Hollywood Walk of Fame,won,,
40,Golden Globe Award for Best Actress in a Motion Picture – Musical or Comedy,won,1999,Shakespeare in Love
40,Screen Actors Guild Award for Outstanding Performance by a Female Actor in a Leading Role,won,1999,Shakespeare in Love
40,Academy Award for Best Actress,nominated,1999,Shakespeare in Love
400,Alternative Press Music Award for Best Vocalist,won,,
401,Crunchyroll Anime Award for Best VA Performance,won,,
409,Emmy Award,won,2009,
409,Primetime Emmy Award for Outstanding Lead Actor in a Miniseries or a Movie,won,2009,Into the Storm
409,European Film Award for Best Actor,nominated,2014,Calvary
409,Golden Globe Award for Best Supporting Actor – Motion Picture,nominated,2023,The Banshees of Inisherin
409,Academy Award for Best Supporting Actor,nominated,2023,The Banshees of Inisherin
411,Screen Actors Guild Award for Outstanding Performance by an Ensemble in a Drama Series,won,2012,Boardwalk Empire
411,Screen Actors Guild Award for Outstanding Performance by a Cast in a Motion Picture,won,2014,American Hustle
414,Primetime Emmy Award for Outstanding Directing for a Comedy Series,won,2019,Fleabag
417,Special Recognition Award,won,2017,
43,Tony Award for Best Actress in a Musical,won,1990,
43,Lucy Award,won,2002,
43,Primetime Emmy Award for Outstanding Lead Actress in a Drama Series,won,1983,Cagney & Lacey
43,Primetime Emmy Award for Outstanding Lead Actress in a Drama Series,won,1984,Cagney & Lacey
43,Primetime Emmy Award for Outstanding Lead Actress in a Drama Series,won,1985,Cagney & Lacey
43,Primetime Emmy Award for Outstanding Lead Actress in a Drama Series,won,1988,Cagney & Lacey
43,Primetime Emmy Award for Outstanding Supporting Actress in a Drama Series,won,1996,Christy
43,Primetime Emmy Award for Outstanding Supporting Actress in a Drama Series,won,2003,Judging Amy
43,star on Hollywood Walk of Fame,won,,
43,Drama Desk Award for Outstanding Actress in a Musical,won,,
43,Tony Award for Best Actress in a Play,nominated,2014,
43,Tony Award for Best Featured Actress in a Play,nominated,2006,
43,"Grammy Award for Best Audio Book, Narration & Storytelling Recording",nominated,2005,
455,Medal with Purple Ribbon,won,1990,
455,Person of Cultural Merit,won,2003,
455,People's Honour Award,won,2009,
455,"Order of the Rising Sun, 3rd class",won,2002,
455,"Order of the Rising Sun, Gold and Silver Star",won,2009,
458,Yellow Kid Award,won,1996,
46,Billboard Music Awards,won,2017,
46,MTV Europe Music Award for Best Push Act,won,2017,
46,MTV Europe Music Award for Best Pop,won,2018,
46,Max Mara Face of the Future Award,won,2013,
46,Academy Award for Best Supporting Actress,nominated,2011,True Grit
47,Academy Award for Best Supporting Actor,nominated,2023,Causeway
49,Kennedy Center Honors,won,2014,
49,Tony Award for Best Actress in a Play,won,1986,The Search for Signs of Intelligent Life in the Universe
49,Michigan Women's Hall of Fame,won,1998,
49,Screen Actors Guild Life Achievement Award,won,2017,
49,Mark Twain Prize for American Humor,won,2003,
49,Silver Bear for Best Actress,won,1977,
49,Crystal Award,won,1992,
49,Lucy Award,won,2003,
49,Los Angeles Times Women of the Year Silver Cup,won,,
49,Drama Desk Award for Outstanding Actress in a Play,won,,
49,"Primetime Emmy Award for Outstanding Variety, Music or Comedy Series",won,1981,
49,Primetime Emmy Award for Outstanding Voice-Over Performance,won,2013,An Apology to Elephants
49,Special Tony Award,won,1977,
49,Grammy Award for Best Comedy Album,won,1972,This Is a Recording
49,Academy Award for Best Supporting Actress,nominated,1976,Nashville
50,Primetime Emmy Award for Outstanding Original Music and Lyrics,won,2011,
50,Primetime Emmy Award for Outstanding Writing for a Variety Special,won,2018,Kid Gorgeous at Radio City
50,Peabody Awards,won,2009,Saturday Night Live
50,Writers Guild of America Award for Television: Comedy-Variety Talk Series,won,2009,Saturday Night Live
50,Writers Guild of America Award for Television: Comedy-Variety Talk Series,won,2010,Saturday Night Live
52,Academy Award for Best Actor,won,1996,Leaving Las Vegas
52,Golden Globe Award for Best Actor – Motion Picture Drama,won,1996,Leaving Las Vegas
52,MTV Movie Award for Best On-Screen Duo,won,1997,The Rock
52,Toronto Film Critics Association Award for Best Actor,won,2002,Adaptation
52,National Board of Review Award for Best Actor,won,1995,Leaving Las Vegas
52,MTV Movie Award for Best On-Screen Duo,won,1998,Face/Off
52,National Society of Film Critics Award for Best Actor,won,1996,Leaving Las Vegas
52,Toronto Film Critics Association Award for Best Actor,won,2009,Bad Lieutenant: Port of Call New Orleans
52,New York Film Critics Circle Award for Best Actor,won,1995,Leaving Las Vegas
52,Screen Actors Guild Award for Outstanding Performance by a Male Actor in a Leading Role,won,1996,Leaving Las Vegas
52,Los Angeles Film Critics Association Award for Best Actor,won,1995,Leaving Las Vegas
52,Sitges Film Festival Best Actor award,won,1989,Vampire's Kiss
52,Boston Society of Film Critics Award for Best Actor,won,1995,Leaving Las Vegas
52,Chicago Film Critics Association Award for Best Actor,won,1996,Leaving Las Vegas
52,Dallas-Fort Worth Film Critics Association Award for Best Actor,won,1996,Leaving Las Vegas
52,St. Louis Film Critics Association Award for Best Actor,won,2021,Pig
52,Women Film Critics Circle Awards,won,2005,Lord of War
52,Chicago International Film Festival Awards,won,2003,
52,Silver Shell for Best Actor,won,1995,Leaving Las Vegas
52,Blockbuster Entertainment Awards,won,1997,The Rock
52,Blockbuster Entertainment Awards,won,1998,
52,Blockbuster Entertainment Awards,won,1999,
52,Blockbuster Entertainment Awards,won,2001,The Family Man
52,Goldene Kamera,won,2007,
52,Jupiter Awards,won,1997,
52,Jupiter Awards,won,1998,
52,Stinkers Bad Movie Awards,won,2001,
52,Sitges Grand Honorary Award,won,2018,
52,Saturn Award for Best Supporting Actor,won,2023,
52,Academy Award for Best Actor,nominated,2003,Adaptation
52,Academy Award for Best Actor,nominated,1996,Leaving Las Vegas
52,Independent Spirit Award for Best Male Lead,nominated,1990,Vampire's Kiss
52,National Society of Film Critics Award for Best Actor,nominated,2010,Bad Lieutenant: Port of Call New Orleans
53,Tony Award for Best Featured Actor in a Play,won,2005,
53,Fellow of the American Academy of Arts and Sciences,won,,
53,Drama Desk Award for Outstanding Actor in a Play,won,,
53,Tony Awards,won,2005,
53,Drama League Award,won,,
53,"Order of Merit (Ukraine), 3rd class",won,2022,
53,"Order of Merit (Ukraine), 2nd class",won,,
53,Tony Award for Best Actor in a Play,nominated,2007,
53,Tony Award for Best Actor in a Play,nominated,2010,
532,Inkpot Award,won,2016,
532,Eisner Award for Best Writer/Artist,won,1992,
532,Eisner Award for Best Writer,nominated,,
54,BAFTA Award for Best Actor in a Supporting Role,won,2005,Brokeback Mountain
54,Academy Award for Best Supporting Actor,nominated,2006,Brokeback Mountain
546,Academy Award for Best Visual Effects,nominated,2000,Stuart Little
55,Silver Bear for Best Actor,won,1997,Jackie Brown
55,star on Hollywood Walk of Fame,won,,
55,BAFTA Award for Best Actor in a Supporting Role,won,1994,Pulp Fiction
55,Cannes Film Festival Award for Best Actor,won,1991,Jungle Fever
55,Academy Honorary Award,won,2022,
55,Film Independent Spirit Awards,won,1995,
55,Silver Bear,won,1998,
55,Academy Award for Best Supporting Actor,nominated,1995,Pulp Fiction
558,Inkpot Award,won,2010,
558,Eisner Award for Best Writer,won,1999,
558,Harvey Award for Best Writer,won,1998,
558,Eisner Award for Best Writer,nominated,,
581,The Game Awards − Best Performance,nominated,2018,Spider-Man
581,The Game Awards − Best Performance,nominated,2023,
61,AACTA Award for Best Actor in a Supporting Role,won,2009,Balibo
61,National Society of Film Critics Award for Best Actor,won,2013,Inside Llewyn Davis
61,National Board of Review Award for Best Actor,won,2014,A Most Violent Year
61,Golden Globe Award for Best Actor – Miniseries or Television Film,won,2015,Show Me a Hero
61,Saturn Award for Best Actor in Streaming Presentation,won,2022,Moon Knight
61,AACTA Award for Best Actor in a Supporting Role,nominated,2009,Balibo
61,Broadcast Film Critics Association Award for Best Song,nominated,2013,
61,Golden Globe Award for Best Actor – Motion Picture Musical or Comedy,nominated,2013,Inside Llewyn Davis
61,National Society of Film Critics Award for Best Actor,nominated,2013,Inside Llewyn Davis
61,Independent Spirit Award for Best Male Lead,nominated,2014,Inside Llewyn Davis
63,Academy Award for Best Supporting Actor,won,2021,Judas and the Black Messiah
63,Time 100,won,2021,
63,BAFTA Award for Best Actor in a Supporting Role,won,2021,Judas and the Black Messiah
63,Academy Award for Best Actor,nominated,2018,Get Out
63,Academy Award for Best Supporting Actor,nominated,2021,Judas and the Black Messiah
67,Academy Award for Best Supporting Actor,won,2017,Moonlight
67,Academy Award for Best Supporting Actor,won,2019,Green Book
67,Golden Globe Awards,won,,
67,BAFTA Award for Best Actor in a Supporting Role,won,2019,Green Book
67,Academy Award for Best Supporting Actor,nominated,2017,Moonlight
67,Academy Award for Best Supporting Actor,nominated,2019,Green Book
68,Primetime Emmy Award for Outstanding Lead Actor in a Miniseries or a Movie,won,2019,When They See Us
68,Critics' Choice Television Award for Best Movie/Miniseries Actor,won,2020,When They See Us
68,"NAACP Image Award for Outstanding Actor in a Television Movie, Mini-Series or Dramatic Special",won,2020,
69,British Independent Film Award for Best Performance by an Actor in a British Independent Film,won,2009,Bronson
69,BAFTA Rising Star Award,won,2011,
69,Commander of the Order of the British Empire,won,,
69,Academy Award for Best Supporting Actor,nominated,2016,The Revenant
69,European Film Award for Best Actor,nominated,2014,Locke
70,Lucy Award,won,2000,
70,Golden Globe Award for Best Actress – Miniseries or Television Film,won,2020,Fosse/Verdon
70,Primetime Emmy Award for Outstanding Lead Actress in a Miniseries or a Movie,won,2019,Fosse/Verdon
70,Golden Globe Award for Best Actress in a Motion Picture – Musical or Comedy,won,2012,My Week with Marilyn
70,Golden Globe Award for Best Actress – Miniseries or Television Film,won,2026,Dying for Sex
70,Screen Actors Guild Award for Outstanding Performance by a Female Actor in a Miniseries or Television Movie,won,2026,Dying for Sex
70,Academy Award for Best Supporting Actress,nominated,2006,Brokeback Mountain
70,Academy Award for Best Actress,nominated,2011,Blue Valentine
70,Academy Award for Best Actress,nominated,2012,My Week with Marilyn
70,Tony Award for Best Actress in a Play,nominated,2016,
70,Academy Award for Best Supporting Actress,nominated,2017,Manchester by the Sea
70,Golden Globe Award for Best Actress – Motion Picture Drama,nominated,2023,The Fabelmans
70,Academy Award for Best Actress,nominated,2023,The Fabelmans
71,Primetime Emmy Award for Outstanding Lead Actor in a Miniseries or a Movie,won,2017,The Night Of
71,Academy Award for Best Live Action Short Film,won,2022,The Long Goodbye
71,Academy Award for Best Live Action Short Film,nominated,2022,The Long Goodbye
71,Academy Award for Best Actor,nominated,2021,Sound of Metal
73,Critics' Choice Movie Award for Best Actress in a Comedy,won,,
74,Independent Spirit Award for Best Supporting Male,won,2009,The Messenger
74,Primetime Emmy Award for Outstanding Supporting Actor in a Comedy Series,won,1989,Cheers
74,Screen Actors Guild Award for Outstanding Performance by a Cast in a Motion Picture,won,2008,
74,Academy Award for Best Supporting Actor,nominated,2010,The Messenger
74,Academy Award for Best Actor,nominated,1997,The People vs. Larry Flynt
74,Academy Award for Best Supporting Actor,nominated,2018,"Three Billboards Outside Ebbing, Missouri"
77,Officer of the Order of the British Empire,won,2017,
77,Academy Award for Best Supporting Actress,nominated,2017,Moonlight
79,British Academy Television Award for Best Actor,nominated,2011,Doctor Who
81,Sitges Film Festival Best Actor award,won,1998,The Eternal
84,Independent Spirit Robert Altman Award,won,2019,Suspiria
84,Phoenix Film Critics Society Award for Best Cast,won,2010,The Social Network
84,Golden Globe Ambassador,won,2006,
84,Golden Raspberry Award for Worst Screen Couple/Ensemble,won,2015,
84,Golden Raspberry Award for Worst Actress,won,2015,
84,People's Choice Awards,won,2016,
84,Golden Raspberry Award for Worst Actress,won,2025,
84,BAFTA Rising Star Award,nominated,2016,
84,Women's Image Network Awards,nominated,2013,Ben and Kate
84,Young Hollywood Awards,nominated,2014,
84,Golden Raspberry Award for Worst Actress,nominated,2017,Fifty Shades Darker
84,San Diego Film Critics Society Award for Best Performance by an Ensemble,nominated,2010,The Social Network
84,MTV Movie Award for Best Breakthrough Performance,nominated,2016,Fifty Shades of Grey
84,MTV Movie Award for Best Kiss,nominated,2016,Fifty Shades of Grey
84,Washington D.C. Area Film Critics Association,nominated,2010,The Social Network
85,César Award for Best Male Revelation,won,2010,A Prophet
85,César Award for Best Actor,won,2010,A Prophet
85,Officer of Arts and Letters,won,2017,
85,European Film Award for Best Actor,won,2009,A Prophet
85,César Award for Best Male Revelation,nominated,2010,A Prophet
85,César Award for Best Actor,nominated,2010,A Prophet
85,BAFTA Rising Star Award,nominated,2010,
85,European Film Award for Best Actor,nominated,2009,A Prophet
85,European Film Award – People's Choice Award for Best European Film,nominated,2015,Samba
85,European Film Award for Best Actor,nominated,2021,The Mauritanian
9,Kikuta Kazuo engeki shō,won,,
91,Golden Globe Awards,won,2016,
93,Tony Award for Best Featured Actor in a Play,nominated,2015,
94,Golden Globe Award for Best Supporting Actress – Motion Picture,won,2021,West Side Story
94,Academy Award for Best Supporting Actress,won,2022,West Side Story
94,Time 100,won,2022,
94,Out100,won,2021,
94,BAFTA Award for Best Actress in a Supporting Role,won,2022,West Side Story
94,Academy Award for Best Supporting Actress,nominated,2022,West Side Story
96,Centenary Medal,won,2001,
96,Academy Award for Best Actor,won,2001,Gladiator
96,Australian National Living Treasure,won,,
96,BAFTA Award for Best Actor in a Leading Role,won,2002,A Beautiful Mind
96,star on Hollywood Walk of Fame,won,,
96,Golden Globe Award for Best Actor – Motion Picture Drama,won,2002,A Beautiful Mind
96,Screen Actors Guild Award for Outstanding Performance by a Male Actor in a Leading Role,won,,
96,Academy Award for Best Actor,nominated,2000,The Insider
96,Academy Award for Best Actor,nominated,2001,Gladiator
96,Academy Award for Best Actor,nominated,2002,A Beautiful Mind
98,Chayka,won,2003,
98,Triumph,won,2004,
99,Laurence Olivier Awards,won,,
99,Indiana Film Journalists Association Award for Best Actor,won,2013,
99,Officer of the Order of the British Empire,won,,
99,BAFTA Award for Best Actor in a Leading Role,won,,
99,Commander of the Order of the British Empire,won,,
99,Academy Award for Best Actor,nominated,2014,12 Years a Slave
99,European Film Award for Best Actor,nominated,2003,Dirty Pretty Things
