work_id,source,publication,platform_scope,score,max_score,score_pct,review_count
22,Rotten Tomatoes (critic),Rotten Tomatoes,critic,40.0,100.0,40.0,219
22,Metacritic (critic),Metacritic,critic,41.0,100.0,41.0,47
32,Rotten Tomatoes,Rotten Tomatoes,,50.0,100.0,50.0,
45,Hyper (Sega CD),Hyper,Sega CD,73.0,100.0,73.0,
49,GameRankings (SNES),GameRankings,SNES,70.17,100.0,70.17,
51,GameRankings (SNES),GameRankings,SNES,66.33,100.0,66.33,
51,GameRankings (Genesis),GameRankings,Genesis,80.0,100.0,80.0,
52,Famicom Tsūshin,Famicom Tsūshin,,21.0,40.0,52.5,
53,GameRankings (SNES),GameRankings,SNES,61.5,100.0,61.5,
53,GameRankings (GEN),GameRankings,GEN,35.85,100.0,35.85,
53,Electronic Gaming Monthly (GEN),Electronic Gaming Monthly,GEN,4.75,10.0,47.5,
53,Next Generation (GEN/SNES),Next Generation,GEN/SNES,2.0,5.0,40.0,
53,Next Generation (PC),Next Generation,PC,1.0,5.0,20.0,
54,Next Generation (SNES),Next Generation,SNES,2.0,5.0,40.0,
54,Electronic Gaming Monthly (Genesis),Electronic Gaming Monthly,Genesis,4.25,10.0,42.5,
54,Next Generation (Genesis),Next Generation,Genesis,1.0,5.0,20.0,
55,Game Informer,Game Informer,,5.0,10.0,50.0,
55,Game Players,Game Players,,36.0,100.0,36.0,
57,Metacritic (PS),Metacritic,PS,87.0,100.0,87.0,
57,Metacritic (N64),Metacritic,N64,72.0,100.0,72.0,
57,Metacritic (DC),Metacritic,DC,80.0,100.0,80.0,
57,Metacritic (PC),Metacritic,PC,68.0,100.0,68.0,
57,GameRankings (PS),GameRankings,PS,86.53,100.0,86.53,
57,GameRankings (N64),GameRankings,N64,82.52,100.0,82.52,
57,GameRankings (DC),GameRankings,DC,80.23,100.0,80.23,
57,GameRankings (PC),GameRankings,PC,67.96,100.0,67.96,
57,GameRankings (GBC),GameRankings,GBC,66.91,100.0,66.91,
57,IGN (PS),IGN,PS,9.0,10.0,90.0,
57,IGN (DC),IGN,DC,8.4,10.0,84.0,
57,IGN (N64),IGN,N64,8.5,10.0,85.0,
57,IGN (GBC),IGN,GBC,9.0,10.0,90.0,
57,IGN (PC),IGN,PC,6.0,10.0,60.0,
57,GameSpot (PS),GameSpot,PS,7.7,10.0,77.0,
57,GameSpot (N64),GameSpot,N64,7.8,10.0,78.0,
57,GameSpot (DC),GameSpot,DC,7.2,10.0,72.0,
57,GameSpot (GBC),GameSpot,GBC,6.5,10.0,65.0,
57,GameSpot (PC),GameSpot,PC,6.6,10.0,66.0,
59,Metacritic,Metacritic,,74.0,100.0,74.0,
59,Electronic Gaming Monthly,Electronic Gaming Monthly,,5.83,10.0,58.3,
59,Eurogamer,Eurogamer,,4.0,10.0,40.0,
59,Famitsu,Famitsu,,27.0,40.0,67.5,
59,Game Informer,Game Informer,,8.5,10.0,85.0,
59,GamePro,GamePro,,4.0,5.0,80.0,
59,GameSpot,GameSpot,,7.1,10.0,71.0,
59,IGN,IGN,,5.5,10.0,55.0,
59,Next Generation,Next Generation,,3.0,5.0,60.0,
59,Official U.S. PlayStation Magazine,Official U.S. PlayStation Magazine,,3.5,10.0,35.0,
59,Maxim,Maxim,,8.0,10.0,80.0,
60,Metacritic,Metacritic,,84.0,100.0,84.0,
60,Electronic Gaming Monthly,Electronic Gaming Monthly,,6.0,10.0,60.0,
60,Famitsu,Famitsu,,28.0,40.0,70.0,
60,Game Informer,Game Informer,,7.5,10.0,75.0,
60,GamePro,GamePro,,4.5,5.0,90.0,
60,GameSpot,GameSpot,,8.5,10.0,85.0,
60,GameSpy,GameSpy,,89.0,100.0,89.0,
60,GameZone,GameZone,,7.8,10.0,78.0,
60,IGN,IGN,,8.5,10.0,85.0,
60,Nintendo Power,Nintendo Power,,4.5,10.0,45.0,
60,Nintendo World Report,Nintendo World Report,,9.0,10.0,90.0,
61,Metacritic (PS2),Metacritic,PS2,76.0,100.0,76.0,
61,Metacritic (Xbox),Metacritic,Xbox,79.0,100.0,79.0,
61,Metacritic (GC),Metacritic,GC,76.0,100.0,76.0,
61,Metacritic (PC),Metacritic,PC,75.0,100.0,75.0,
61,GameRankings (PS2),GameRankings,PS2,76.0,100.0,76.0,
61,GameRankings (Xbox),GameRankings,Xbox,78.0,100.0,78.0,
61,GameRankings (GC),GameRankings,GC,76.0,100.0,76.0,
61,GameRankings (PC),GameRankings,PC,75.0,100.0,75.0,
61,GameRankings (GBA),GameRankings,GBA,78.0,100.0,78.0,
61,IGN (PS2),IGN,PS2,8.4,10.0,84.0,
61,IGN (Xbox),IGN,Xbox,8.4,10.0,84.0,
61,IGN (GC),IGN,GC,7.6,10.0,76.0,
61,IGN (PC),IGN,PC,8.0,10.0,80.0,
61,IGN (GBA),IGN,GBA,8.8,10.0,88.0,
61,GameSpot (PS2),GameSpot,PS2,7.4,10.0,74.0,
61,GameSpot (Xbox),GameSpot,Xbox,7.5,10.0,75.0,
61,GameSpot (GC),GameSpot,GC,7.4,10.0,74.0,
61,GameSpot (PC),GameSpot,PC,7.5,10.0,75.0,
61,GameSpot (GBA),GameSpot,GBA,7.2,10.0,72.0,
62,Metacritic (Xbox),Metacritic,Xbox,83.0,100.0,83.0,
62,Metacritic (PS2),Metacritic,PS2,80.0,100.0,80.0,
62,Metacritic (GC),Metacritic,GC,80.0,100.0,80.0,
62,Metacritic (PSP),Metacritic,PSP,67.0,100.0,67.0,
62,Metacritic (GBA),Metacritic,GBA,65.0,100.0,65.0,
62,Metacritic (DS),Metacritic,DS,61.0,100.0,61.0,
62,Metacritic (N-Gage),Metacritic,N-Gage,61.0,100.0,61.0,
62,Metacritic (PC),Metacritic,PC,42.0,100.0,42.0,
62,IGN (Xbox),IGN,Xbox,9.0,10.0,90.0,
62,IGN (PS2),IGN,PS2,8.8,10.0,88.0,
62,IGN (DS),IGN,DS,7.5,10.0,75.0,
62,IGN (PSP),IGN,PSP,7.0,10.0,70.0,
62,IGN (GBA),IGN,GBA,6.5,10.0,65.0,
62,IGN (N-Gage),IGN,N-Gage,7.1,10.0,71.0,
62,IGN (PC),IGN,PC,4.5,10.0,45.0,
62,GameSpot (GC/PS2),GameSpot,GC/PS2,7.2,10.0,72.0,
62,GameSpot (GBA),GameSpot,GBA,7.3,10.0,73.0,
62,GameSpot (PSP),GameSpot,PSP,6.9,10.0,69.0,
62,GameSpot (DS),GameSpot,DS,6.0,10.0,60.0,
62,GameSpot (N-Gage),GameSpot,N-Gage,5.2,10.0,52.0,
62,GameSpot (PC),GameSpot,PC,5.0,10.0,50.0,
63,Metacritic (DS),Metacritic,DS,78.0,100.0,78.0,
63,Metacritic (GBA),Metacritic,GBA,62.0,100.0,62.0,
63,Metacritic (GC),Metacritic,GC,76.0,100.0,76.0,
63,Metacritic (PC),Metacritic,PC,75.0,100.0,75.0,
63,Metacritic (PS2),Metacritic,PS2,74.0,100.0,74.0,
63,Metacritic (Xbox),Metacritic,Xbox,77.0,100.0,77.0,
63,IGN,IGN,,8.4,10.0,84.0,
63,GameSpot,GameSpot,,7.1,10.0,71.0,
63,GameTrailers,GameTrailers,,8.9,10.0,89.0,
63,Game Informer,Game Informer,,8.0,10.0,80.0,
63,GameSpy,GameSpy,,4.0,5.0,80.0,
63,Nintendo Power (GC),Nintendo Power,GC,9.0,10.0,90.0,
63,PC Gamer,PC Gamer,,81.0,100.0,81.0,
65,Metacritic (DS),Metacritic,DS,79.0,100.0,79.0,
65,Metacritic (GBA),Metacritic,GBA,68.0,100.0,68.0,
65,Metacritic (X360),Metacritic,X360,63.0,100.0,63.0,
65,Metacritic (PC),Metacritic,PC,62.0,100.0,62.0,
65,Metacritic (PS3),Metacritic,PS3,60.0,100.0,60.0,
65,Metacritic (Wii),Metacritic,Wii,53.0,100.0,53.0,
65,Metacritic (PSP),Metacritic,PSP,52.0,100.0,52.0,
65,Metacritic (PS2),Metacritic,PS2,50.0,100.0,50.0,
65,IGN (DS),IGN,DS,8.1,10.0,81.0,
65,GameSpot (DS),GameSpot,DS,8.0,10.0,80.0,
65,GameSpot (PS3/X360),GameSpot,PS3/X360,6.6,10.0,66.0,
65,GameSpot (PC),GameSpot,PC,6.3,10.0,63.0,
65,GameSpot (GBA),GameSpot,GBA,6.9,10.0,69.0,
65,GameSpot (PS2/Wii),GameSpot,PS2/Wii,4.7,10.0,47.0,
65,Game Informer (PS3/X360),Game Informer,PS3/X360,8.0,10.0,80.0,
65,GamePro (PS3/X360),GamePro,PS3/X360,4.25,5.0,85.0,
66,Metacritic (PS2),Metacritic,PS2,62.0,100.0,62.0,
66,Metacritic (X360),Metacritic,X360,60.0,100.0,60.0,
66,Metacritic (Wii),Metacritic,Wii,59.0,100.0,59.0,
66,Metacritic (PSP),Metacritic,PSP,58.0,100.0,58.0,
66,Metacritic (PC),Metacritic,PC,57.0,100.0,57.0,
66,Metacritic (DS),Metacritic,DS,55.0,100.0,55.0,
66,GameRankings (PS2),GameRankings,PS2,63.64,100.0,63.64,
66,GameRankings (Wii),GameRankings,Wii,61.52,100.0,61.52,
66,GameRankings (PSP),GameRankings,PSP,60.8,100.0,60.8,
66,GameRankings (X360),GameRankings,X360,60.35,100.0,60.35,
66,GameRankings (PC),GameRankings,PC,59.62,100.0,59.62,
66,GameRankings (DS),GameRankings,DS,55.04,100.0,55.04,
66,IGN,IGN,,4.9,10.0,49.0,
66,GameSpot,GameSpot,,7.0,10.0,70.0,
66,GameSpy (X360/Wii),GameSpy,X360/Wii,4.0,5.0,80.0,
67,Metacritic (DS),Metacritic,DS,77.0,100.0,77.0,
67,Metacritic (PS3),Metacritic,PS3,67.0,100.0,67.0,
67,Metacritic (X360),Metacritic,X360,68.0,100.0,68.0,
67,Metacritic (Wii),Metacritic,Wii,63.0,100.0,63.0,
67,Metacritic (PC),Metacritic,PC,52.0,100.0,52.0,
67,GameRankings (DS),GameRankings,DS,79.0,100.0,79.0,
67,GameRankings (PS3),GameRankings,PS3,70.0,100.0,70.0,
67,GameRankings (X360),GameRankings,X360,68.0,100.0,68.0,
67,GameRankings (Wii),GameRankings,Wii,65.0,100.0,65.0,
67,GameRankings (PS2),GameRankings,PS2,69.0,100.0,69.0,
67,GameRankings (PSP),GameRankings,PSP,77.0,100.0,77.0,
67,GameRankings (PC),GameRankings,PC,54.0,100.0,54.0,
67,IGN (X360 US),IGN,X360 US,5.7,10.0,57.0,
67,IGN (DS),IGN,DS,8.0,10.0,80.0,
67,GameSpot (PS3/X360),GameSpot,PS3/X360,8.0,10.0,80.0,
67,GameSpot (DS),GameSpot,DS,7.0,10.0,70.0,
67,Game Informer,Game Informer,,6.5,10.0,65.0,
69,Metacritic (DS),Metacritic,DS,73.0,100.0,73.0,
69,Metacritic (PS3),Metacritic,PS3,74.0,100.0,74.0,
69,Metacritic (X360),Metacritic,X360,76.0,100.0,76.0,
69,Metacritic (Wii),Metacritic,Wii,75.0,100.0,75.0,
69,Metacritic (PC),Metacritic,PC,68.0,100.0,68.0,
69,Game Informer,Game Informer,,8.5,10.0,85.0,
69,GamePro,GamePro,,4.5,5.0,90.0,
69,GameSpot,GameSpot,,7.5,10.0,75.0,
69,IGN,IGN,,8.0,10.0,80.0,
69,GameTrailers,GameTrailers,,7.0,10.0,70.0,
69,Eurogamer,Eurogamer,,7.0,10.0,70.0,
69,Destructoid,Destructoid,,6.0,10.0,60.0,
70,Metacritic (3DS),Metacritic,3DS,50.0,100.0,50.0,
70,Metacritic (DS),Metacritic,DS,50.0,100.0,50.0,
70,Metacritic (PS3),Metacritic,PS3,58.0,100.0,58.0,
70,Metacritic (Wii),Metacritic,Wii,62.0,100.0,62.0,
70,Metacritic (X360),Metacritic,X360,57.0,100.0,57.0,
70,Destructoid,Destructoid,,5.0,10.0,50.0,
70,Game Informer,Game Informer,,6.5,10.0,65.0,
70,GameSpot,GameSpot,,6.0,10.0,60.0,
70,GamesRadar+,GamesRadar+,,3.0,5.0,60.0,
70,Giant Bomb,Giant Bomb,,2.0,10.0,20.0,
70,IGN,IGN,,4.5,10.0,45.0,
70,GameTrailers,GameTrailers,,5.4,10.0,54.0,
71,Metacritic (PS3),Metacritic,PS3,71.0,100.0,71.0,
71,Metacritic (X360),Metacritic,X360,69.0,100.0,69.0,
71,Metacritic (WiiU),Metacritic,WiiU,66.0,100.0,66.0,
71,Metacritic (iOS),Metacritic,iOS,66.0,100.0,66.0,
71,Metacritic (Wii),Metacritic,Wii,58.0,100.0,58.0,
71,Metacritic (3DS),Metacritic,3DS,55.0,100.0,55.0,
71,Metacritic (Vita),Metacritic,Vita,55.0,100.0,55.0,
71,IGN (PC/PS3/X360),IGN,PC/PS3/X360,7.0,10.0,70.0,
71,IGN (3DS),IGN,3DS,7.0,10.0,70.0,
71,IGN (Vita),IGN,Vita,4.8,10.0,48.0,
71,GameSpot (X360),GameSpot,X360,7.5,10.0,75.0,
71,Game Informer (PS3),Game Informer,PS3,6.75,10.0,67.5,
71,Eurogamer (PC/PS3/X360),Eurogamer,PC/PS3/X360,6.0,10.0,60.0,
71,Destructoid (X360),Destructoid,X360,7.0,10.0,70.0,
72,Metacritic (PS4),Metacritic,PS4,49.0,100.0,49.0,
72,Metacritic (XONE),Metacritic,XONE,46.0,100.0,46.0,
72,Metacritic (X360),Metacritic,X360,55.0,100.0,55.0,
72,Metacritic (PS3),Metacritic,PS3,57.0,100.0,57.0,
72,Metacritic (PC),Metacritic,PC,57.0,100.0,57.0,
72,Metacritic (WiiU),Metacritic,WiiU,58.0,100.0,58.0,
72,Metacritic (iOS),Metacritic,iOS,58.0,100.0,58.0,
72,IGN (PS4),IGN,PS4,5.4,10.0,54.0,
72,GameSpot,GameSpot,,5.0,10.0,50.0,
72,Eurogamer,Eurogamer,,2.0,10.0,20.0,
72,Polygon,Polygon,,6.0,10.0,60.0,
72,GamesRadar+,GamesRadar+,,3.0,5.0,60.0,
72,Joystiq,Joystiq,,2.0,10.0,20.0,
72,Destructoid,Destructoid,,6.0,10.0,60.0,
72,GameTrailers,GameTrailers,,5.3,10.0,53.0,
72,PC Gamer (UK),PC Gamer,UK,55.0,100.0,55.0,
72,Official Xbox Magazine (US),Official Xbox Magazine,US,7.0,10.0,70.0,
73,Metacritic (iOS),Metacritic,iOS,79.0,100.0,79.0,
73,Pocket Gamer,Pocket Gamer,,7.0,10.0,70.0,
73,TouchArcade,TouchArcade,,4.0,10.0,40.0,
73,148Apps,148Apps,,4.0,5.0,80.0,
74,Metacritic (PS4),Metacritic,PS4,83.0,100.0,83.0,
74,Metacritic (PS3),Metacritic,PS3,82.0,100.0,82.0,
74,Metacritic (Wii U),Metacritic,Wii U,82.0,100.0,82.0,
74,Metacritic (X360),Metacritic,X360,80.0,100.0,80.0,
74,Metacritic (PC),Metacritic,PC,78.0,100.0,78.0,
74,IGN,IGN,,9.0,10.0,90.0,
74,Game Informer,Game Informer,,9.0,10.0,90.0,
74,Eurogamer,Eurogamer,,9.0,10.0,90.0,
74,Polygon,Polygon,,8.5,10.0,85.0,
74,GameSpot,GameSpot,,7.0,10.0,70.0,
74,Destructoid,Destructoid,,8.5,10.0,85.0,
75,Metacritic (XONE),Metacritic,XONE,76.0,100.0,76.0,
75,Metacritic (NS),Metacritic,NS,75.0,100.0,75.0,
75,Metacritic (PS4),Metacritic,PS4,73.0,100.0,73.0,
75,IGN,IGN,,8.0,10.0,80.0,
75,GameSpot,GameSpot,,7.0,10.0,70.0,
75,GamesRadar+,GamesRadar+,,4.0,5.0,80.0,
75,Game Informer,Game Informer,,6.0,10.0,60.0,
75,Polygon,Polygon,,6.0,10.0,60.0,
75,Shacknews,Shacknews,,8.0,10.0,80.0,
75,Nintendo Life,Nintendo Life,,7.0,10.0,70.0,
76,Metacritic (PS4),Metacritic,PS4,87.0,100.0,87.0,
76,IGN,IGN,,8.7,10.0,87.0,
76,GameSpot,GameSpot,,9.0,10.0,90.0,
76,Game Informer,Game Informer,,9.5,10.0,95.0,
76,Polygon,Polygon,,9.0,10.0,90.0,
76,Destructoid,Destructoid,,8.5,10.0,85.0,
76,Push Square,Push Square,,10.0,10.0,100.0,
79,Metacritic (PS4),Metacritic,PS4,84.0,100.0,84.0,
79,Metacritic (PS5),Metacritic,PS5,85.0,100.0,85.0,
79,Metacritic (PC),Metacritic,PC,88.0,100.0,88.0,
79,OpenCritic,OpenCritic,,94.0,100.0,94.0,
79,IGN,IGN,,9.0,10.0,90.0,
79,Destructoid,Destructoid,,9.0,10.0,90.0,
79,Game Informer,Game Informer,,9.0,10.0,90.0,
79,Electronic Gaming Monthly,Electronic Gaming Monthly,,5.0,10.0,50.0,
79,GameSpot,GameSpot,,7.0,10.0,70.0,
79,GamesRadar+,GamesRadar+,,4.0,5.0,80.0,
79,PC Gamer (US),PC Gamer,US,84.0,100.0,84.0,
79,The Guardian,The Guardian,,4.0,10.0,40.0,
80,Metacritic (PS5),Metacritic,PS5,90.0,100.0,90.0,
80,Metacritic (PC),Metacritic,PC,87.0,100.0,87.0,
80,IGN,IGN,,8.0,10.0,80.0,
80,GameSpot,GameSpot,,8.0,10.0,80.0,
80,Game Informer,Game Informer,,8.75,10.0,87.5,
80,Push Square,Push Square,,10.0,10.0,100.0,
80,Destructoid,Destructoid,,8.5,10.0,85.0,
77,Metacritic (The Heist),Metacritic,The Heist,76.0,100.0,76.0,
77,Metacritic (Turf Wars),Metacritic,Turf Wars,70.0,100.0,70.0,
77,Metacritic (Silver Lining),Metacritic,Silver Lining,75.0,100.0,75.0,
78,Metacritic (PC),Metacritic,PC,87.0,100.0,87.0,
