work_id,character_id,actor_person_id,billing_order,notes
1,1,1,1,
1,2,2,2,
1,3,,,
1,4,,,
1,5,,,
2,1,1,1,
2,2,3,3,
2,6,4,2,
2,7,,,
3,1,,,
3,2,3,2,
3,8,5,6,
3,9,6,3,
3,10,7,5,
4,11,8,1,
4,12,9,2,
4,13,,,
5,1,10,1,
5,14,11,2,
5,15,12,3,
5,16,13,4,
5,17,,,
5,18,,,
5,2,14,7,
5,19,15,8,
5,4,16,10,
5,20,,,
5,21,,,
6,1,10,1,
6,22,17,4,
6,15,12,2,
6,16,13,3,
6,23,18,5,
6,24,19,6,
6,2,14,7,
6,25,20,8,
6,26,,,
6,14,,,
7,1,10,1,
7,27,21,4,
7,28,,,
7,29,13,3,
7,30,22,6,
7,31,23,7,
7,15,12,2,
7,23,18,8,
7,2,14,9,
7,14,,,
7,26,,,
8,1,24,1,
8,30,25,2,
8,26,26,3,
8,31,27,4,
8,32,28,5,
8,33,,,
8,34,,,
8,19,29,9,
8,35,30,6,
9,1,24,1,
9,30,25,2,
9,36,31,3,
9,37,32,4,
9,38,33,8,
9,39,,,
9,40,34,7,
9,41,,,
9,42,,,
9,43,,,
9,44,,,
10,1,35,1,
10,45,36,2,
10,46,37,3,
10,23,38,4,
10,47,39,5,
10,48,40,6,
10,49,,,
10,50,,,
10,51,,,
10,19,41,10,
10,52,,,
10,53,42,12,
10,54,43,13,
10,55,,,
10,56,,,
10,57,,,
11,58,44,1,
11,59,45,2,
11,60,46,3,
11,52,,,
11,61,47,5,
11,62,48,7,
11,23,49,6,
11,63,50,8,
11,64,51,9,
11,65,52,10,
11,66,53,11,
11,67,,,
11,14,,,
11,68,,,
11,69,,,
11,70,,,
11,71,,,
11,72,,,
12,1,35,1,
12,73,54,2,
12,74,55,3,
12,75,56,5,
12,76,,,
12,47,39,6,
12,50,57,8,
12,19,41,10,
12,23,38,11,
12,77,58,9,
12,78,59,7,
12,2,,,
12,79,,,
12,80,,,
12,81,,,
12,82,,,
12,83,,,
12,84,,,
13,85,,,
13,86,,,
13,87,,,
13,14,11,7,
13,22,17,8,
13,36,31,6,
13,27,,,
13,26,,,
13,88,,,
13,89,60,9,
13,76,,,
13,50,57,4,
13,23,38,11,
13,47,39,5,
13,19,41,10,
13,90,,,
13,91,,,
13,2,,,
13,92,,,
13,93,,,
14,58,44,1,
14,60,46,2,
14,71,61,3,
14,59,45,4,
14,94,62,5,
14,95,,,
14,96,63,7,
14,97,64,10,
14,98,47,8,
14,62,65,9,
14,31,66,11,
14,99,67,12,
14,100,68,13,
14,101,,,
14,102,,,
14,103,,,
14,64,,,
14,65,,,
14,104,,,
14,105,,,
14,106,,,
14,107,,,
17,28,69,1,
17,108,70,2,
17,109,71,3,
17,110,72,4,
17,111,73,6,
17,112,74,,
17,25,,,
17,113,75,8,
17,114,76,9,
18,28,69,1,
18,115,74,2,
18,108,70,3,
18,116,77,4,
18,117,,,
18,118,78,5,
18,113,75,7,
18,119,,,
18,120,,,
19,121,,,
19,122,79,2,
19,123,80,3,
19,124,81,4,
19,125,82,6,
19,126,83,5,
19,45,36,,
19,127,,,
20,128,84,1,
20,129,,,
20,130,,,
20,131,,,
20,132,85,5,
20,33,,,
20,133,86,7,
20,134,,,
20,135,87,9,
20,136,88,6,
20,137,89,11,
20,138,90,10,
21,139,91,1,
21,140,92,3,
21,38,93,4,
21,141,94,2,
21,142,95,5,
21,143,96,6,
21,144,97,11,
21,145,98,10,
22,28,69,1,
22,146,99,2,
22,147,,,
22,117,,,
22,148,,,
22,149,100,9,
22,150,26,4,
22,151,101,7,
22,113,75,6,
22,152,,,
22,153,,,
22,154,,,
15,58,44,1,
15,155,46,2,
15,71,61,3,
15,59,45,4,
15,156,62,5,
15,96,63,9,
16,1,35,1,
16,157,102,4,
16,158,103,6,
16,159,104,7,
16,160,105,5,
23,161,106,1,
24,162,107,1,
24,163,,,
24,164,,,
24,165,,,
25,166,1,1,
25,2,3,2,
25,4,,,
25,167,108,3,
25,8,5,5,
26,168,8,1,
26,169,109,3,
26,170,110,4,
26,171,,,
26,172,,,
28,166,111,1,
28,2,112,2,
28,20,113,3,
28,23,,,
28,173,114,5,
28,174,,,
29,166,115,1,
29,2,116,2,
29,23,,,
29,175,117,6,
29,173,,,
30,162,118,1,
30,176,119,2,
30,177,,,
30,178,,,
30,173,,,
31,162,120,1,
31,15,121,4,
31,179,122,7,
31,180,,,
31,181,,,
31,182,,,
32,162,123,1,
32,183,124,4,
32,180,125,2,
32,181,126,3,
32,184,,,
33,166,127,1,
33,15,128,2,
33,185,,,
33,179,129,6,
33,186,,,
34,166,130,1,
34,30,131,2,
34,187,,,
34,39,132,7,
34,188,,,
34,68,,,
35,162,133,1,
35,189,134,5,
35,190,135,4,
35,191,136,3,
35,192,137,2,
35,193,,,
35,174,138,7,
36,162,,,
36,194,139,2,
36,30,140,3,
36,195,141,4,
36,16,142,5,
36,39,130,7,
37,166,143,1,
37,194,144,2,
37,30,145,3,
37,196,146,6,
37,173,147,7,
37,197,,,
37,198,,,
38,166,148,1,
38,23,149,2,
38,199,150,3,
38,200,151,4,
38,39,152,6,
38,188,153,7,
38,201,154,8,
38,55,,,
27,202,52,1,
39,203,,,
39,204,,,
40,203,,,
40,205,,,
40,206,,,
40,207,,,
40,208,,,
40,209,,,
41,203,,,
41,210,,,
41,211,,,
41,212,,,
41,213,,,
41,214,,,
41,215,,,
41,216,,,
41,217,,,
41,218,,,
41,219,,,
41,220,,,
41,221,,,
41,222,,,
41,223,,,
41,224,,,
45,203,,,
45,15,,,
45,225,,,
45,174,,,
45,226,,,
45,227,,,
45,228,,,
45,229,,,
45,230,,,
45,198,,,
45,231,,,
45,232,,,
45,233,,,
45,234,,,
46,203,,,
46,235,,,
46,236,,,
46,237,,,
48,162,,,
48,174,,,
48,198,,,
48,230,,,
48,226,,,
48,238,,,
48,228,,,
49,162,,,
49,239,,,
49,240,,,
49,241,,,
49,242,,,
51,243,,,
51,244,,,
51,245,,,
51,246,,,
51,247,,,
51,248,,,
51,249,,,
51,250,,,
51,251,,,
51,191,,,
51,252,,,
51,253,,,
51,254,,,
51,177,,,
51,228,,,
52,162,,,
52,174,,,
52,255,,,
52,227,,,
52,230,,,
52,42,,,
52,173,,,
52,69,,,
52,180,,,
52,181,,,
52,256,,,
52,257,,,
52,191,,,
52,20,,,
52,2,,,
53,243,,,
53,244,,,
53,181,,,
53,258,,,
53,250,,,
53,259,,,
53,260,,,
53,201,,,
54,162,,,
54,2,,,
54,227,,,
55,162,,,
55,201,,,
55,261,,,
55,262,,,
55,263,,,
57,264,,,
57,251,,,
57,15,,,
57,2,,,
57,265,,,
57,197,,,
57,266,,,
57,230,,,
57,267,,,
57,268,,,
57,269,,,
57,201,,,
57,256,,,
57,250,,,
57,270,,,
57,227,,,
57,271,,,
59,264,,,
59,272,,,
59,273,,,
59,274,,,
59,275,,,
59,226,,,
59,276,,,
59,255,,,
59,277,,,
59,278,,,
59,279,,,
59,280,,,
59,271,,,
60,264,,,
60,15,,,
60,281,,,
60,197,,,
60,274,,,
60,282,,,
60,198,,,
60,265,,,
61,264,,,
61,283,,,
61,15,,,
61,284,,,
61,16,,,
61,2,,,
61,276,,,
61,238,,,
61,265,,,
61,285,,,
61,286,,,
62,264,,,
62,268,,,
62,15,,,
62,2,,,
62,16,,,
62,287,,,
62,235,,,
62,197,,,
62,281,,,
62,276,,,
62,288,,,
62,289,,,
62,286,,,
63,290,,,
63,291,,,
63,292,,,
63,293,,,
63,294,,,
63,295,,,
63,296,,,
63,297,,,
63,298,,,
63,45,,,
63,15,,,
63,74,,,
65,264,,,
65,299,,,
65,300,,,
65,266,,,
65,15,,,
65,2,,,
65,287,,,
65,301,,,
65,285,,,
65,289,,,
65,302,,,
65,197,,,
65,303,,,
65,304,,,
65,305,,,
65,254,,,
65,246,,,
65,306,,,
65,307,,,
65,286,,,
66,264,,,
66,299,,,
66,251,,,
66,174,,,
66,283,,,
66,226,,,
66,265,,,
66,197,,,
66,301,,,
66,266,,,
66,308,,,
66,191,,,
66,309,,,
66,294,,,
66,74,,,
66,198,,,
66,267,,,
66,281,,,
67,264,,,
67,15,,,
67,310,,,
67,311,,,
67,312,,,
67,251,,,
67,238,,,
67,197,,,
67,198,,,
67,266,,,
67,305,,,
67,313,,,
67,74,,,
67,314,,,
67,315,,,
67,316,,,
67,317,,,
67,318,,,
67,319,,,
67,320,,,
67,321,,,
67,322,,,
67,323,,,
67,324,,,
67,325,,,
67,326,,,
69,327,,,
69,328,,,
69,329,,,
69,330,,,
70,264,,,
70,329,,,
70,15,,,
70,251,,,
70,331,,,
70,332,,,
70,333,,,
70,334,,,
70,335,,,
71,264,,,
71,30,,,
71,26,,,
71,42,,,
71,287,,,
71,336,,,
71,337,,,
71,197,,,
71,302,,,
71,338,,,
71,339,,,
71,340,,,
71,341,,,
72,264,,,
72,30,,,
72,287,,,
72,284,,,
72,342,,,
72,343,,,
72,53,,,
72,36,,,
72,37,,,
72,66,,,
72,339,,,
72,285,,,
72,39,,,
72,336,,,
72,344,,,
72,40,,,
72,32,,,
73,264,,,
73,329,,,
73,345,,,
73,346,,,
73,347,,,
73,348,,,
73,349,,,
73,65,,,
73,102,,,
73,350,,,
73,74,,,
73,283,,,
73,351,,,
73,238,,,
73,198,,,
73,226,,,
73,174,,,
73,230,,,
73,266,,,
73,352,,,
73,353,,,
73,354,,,
73,355,,,
73,356,,,
73,357,,,
73,358,,,
73,359,,,
73,294,,,
73,360,,,
74,264,,,
74,266,,,
74,283,,,
74,174,,,
74,226,,,
74,361,,,
74,362,,,
74,363,,,
74,277,,,
74,313,,,
74,364,,,
74,365,,,
74,74,,,
74,366,,,
74,367,,,
74,368,,,
74,369,,,
74,370,,,
74,271,,,
74,371,,,
75,264,,,
75,329,,,
75,328,,,
75,347,,,
75,346,,,
75,266,,,
75,267,,,
75,372,,,
75,373,,,
75,361,,,
75,250,,,
75,277,,,
75,374,,,
75,375,,,
75,376,,,
75,377,,,
75,191,,,
75,378,,,
75,310,,,
75,362,,,
75,379,,,
75,380,,,
75,381,,,
75,382,,,
75,271,,,
76,264,,,
76,15,,,
76,194,,,
76,383,,,
76,22,,,
76,66,,,
76,384,,,
76,39,,,
76,16,,,
76,385,,,
76,386,,,
76,387,,,
76,388,,,
76,302,,,
76,389,,,
76,390,,,
76,391,,,
76,392,,,
76,393,,,
76,2,,,
76,61,,,
76,62,,,
76,271,,,
76,394,,,
76,395,,,
76,396,,,
79,58,,,
79,1,,,
79,15,,,
79,62,,,
79,397,,,
79,52,,,
79,398,,,
79,399,,,
79,197,,,
79,66,,,
79,2,,,
79,400,,,
79,401,,,
79,39,,,
79,16,,,
79,188,,,
79,61,,,
79,402,,,
79,185,,,
80,264,,,
80,58,,,
80,15,,,
80,403,,,
80,404,,,
80,405,,,
80,384,,,
80,158,,,
80,159,,,
80,339,,,
80,27,,,
80,26,,,
80,406,,,
80,73,,,
80,39,,,
80,16,,,
80,407,,,
80,2,,,
80,400,,,
80,408,,,
80,409,,,
80,62,,,
80,397,,,
80,52,,,
80,401,,,
80,22,,,
80,410,,,
80,411,,,
80,412,,,
80,413,,,
77,264,,,
77,15,,,
77,194,,,
77,414,,,
77,415,,,
77,274,,,
77,407,,,
77,386,,,
77,392,,,
77,2,,,
77,188,,,
77,416,,,
42,264,,,
42,230,,,
43,264,,,
43,230,,,
43,15,,,
44,157,,,
44,264,,,
44,179,,,
47,264,,,
47,228,,,
47,181,,,
50,264,,,
50,42,,,
50,265,,,
56,264,,,
56,174,,,
56,238,,,
56,198,,,
56,285,,,
56,230,,,
56,226,,,
58,264,,,
58,174,,,
58,238,,,
58,198,,,
58,230,,,
58,226,,,
58,285,,,
64,264,,,
64,173,,,
64,180,,,
64,74,,,
68,264,,,
68,173,,,
68,174,,,
68,198,,,
68,226,,,
68,180,,,
78,1,,,
78,15,,,
78,194,,,
78,22,,,
78,287,,,
81,1,,,
81,194,,,
